scheduler,job_id,task,criticality,release_ms,deadline_ms,completed_at_ms,response_time_ms,missed_deadline
RMS,1,Brake,High,0,5,1,1,False
RMS,2,Steering,High,0,10,2,2,False
RMS,3,Engine,High,0,20,4,4,False
RMS,4,Sensor,Medium,0,50,10,10,False
RMS,5,Diagnostics,Low,0,100,45,45,False
RMS,6,Brake,High,5,10,6,1,False
RMS,7,Brake,High,10,15,11,1,False
RMS,8,Steering,High,10,20,12,2,False
RMS,9,Brake,High,15,20,16,1,False
RMS,10,Brake,High,20,25,21,1,False
RMS,11,Steering,High,20,30,22,2,False
RMS,12,Engine,High,20,40,24,4,False
RMS,13,Brake,High,25,30,26,1,False
RMS,14,Brake,High,30,35,31,1,False
RMS,15,Steering,High,30,40,32,2,False
RMS,16,Brake,High,35,40,36,1,False
RMS,17,Brake,High,40,45,41,1,False
RMS,18,Steering,High,40,50,42,2,False
RMS,19,Engine,High,40,60,44,4,False
RMS,20,Brake,High,45,50,46,1,False
RMS,21,Brake,High,50,55,51,1,False
RMS,22,Steering,High,50,60,52,2,False
RMS,23,Sensor,Medium,50,100,58,8,False
RMS,24,Brake,High,55,60,56,1,False
RMS,25,Brake,High,60,65,61,1,False
RMS,26,Steering,High,60,70,62,2,False
RMS,27,Engine,High,60,80,64,4,False
RMS,28,Brake,High,65,70,66,1,False
RMS,29,Brake,High,70,75,71,1,False
RMS,30,Steering,High,70,80,72,2,False
RMS,31,Brake,High,75,80,76,1,False
RMS,32,Brake,High,80,85,81,1,False
RMS,33,Steering,High,80,90,82,2,False
RMS,34,Engine,High,80,100,84,4,False
RMS,35,Brake,High,85,90,86,1,False
RMS,36,Brake,High,90,95,91,1,False
RMS,37,Steering,High,90,100,92,2,False
RMS,38,Brake,High,95,100,96,1,False
RMS,39,Brake,High,100,105,101,1,False
RMS,40,Steering,High,100,110,102,2,False
RMS,41,Engine,High,100,120,104,4,False
RMS,42,Sensor,Medium,100,150,110,10,False
RMS,43,Diagnostics,Low,100,200,145,45,False
RMS,44,Brake,High,105,110,106,1,False
RMS,45,Brake,High,110,115,111,1,False
RMS,46,Steering,High,110,120,112,2,False
RMS,47,Brake,High,115,120,116,1,False
RMS,48,Brake,High,120,125,121,1,False
RMS,49,Steering,High,120,130,122,2,False
RMS,50,Engine,High,120,140,124,4,False
RMS,51,Brake,High,125,130,126,1,False
RMS,52,Brake,High,130,135,131,1,False
RMS,53,Steering,High,130,140,132,2,False
RMS,54,Brake,High,135,140,136,1,False
RMS,55,Brake,High,140,145,141,1,False
RMS,56,Steering,High,140,150,142,2,False
RMS,57,Engine,High,140,160,144,4,False
RMS,58,Brake,High,145,150,146,1,False
RMS,59,Brake,High,150,155,151,1,False
RMS,60,Steering,High,150,160,152,2,False
RMS,61,Sensor,Medium,150,200,158,8,False
RMS,62,Brake,High,155,160,156,1,False
RMS,63,Brake,High,160,165,161,1,False
RMS,64,Steering,High,160,170,162,2,False
RMS,65,Engine,High,160,180,164,4,False
RMS,66,Brake,High,165,170,166,1,False
RMS,67,Brake,High,170,175,171,1,False
RMS,68,Steering,High,170,180,172,2,False
RMS,69,Brake,High,175,180,176,1,False
RMS,70,Brake,High,180,185,181,1,False
RMS,71,Steering,High,180,190,182,2,False
RMS,72,Engine,High,180,200,184,4,False
RMS,73,Brake,High,185,190,186,1,False
RMS,74,Brake,High,190,195,191,1,False
RMS,75,Steering,High,190,200,192,2,False
RMS,76,Brake,High,195,200,196,1,False
RMS,77,Brake,High,200,205,201,1,False
RMS,78,Steering,High,200,210,202,2,False
RMS,79,Engine,High,200,220,204,4,False
RMS,80,Sensor,Medium,200,250,210,10,False
RMS,81,Diagnostics,Low,200,300,245,45,False
RMS,82,Brake,High,205,210,206,1,False
RMS,83,Brake,High,210,215,211,1,False
RMS,84,Steering,High,210,220,212,2,False
RMS,85,Brake,High,215,220,216,1,False
RMS,86,Brake,High,220,225,221,1,False
RMS,87,Steering,High,220,230,222,2,False
RMS,88,Engine,High,220,240,224,4,False
RMS,89,Brake,High,225,230,226,1,False
RMS,90,Brake,High,230,235,231,1,False
RMS,91,Steering,High,230,240,232,2,False
RMS,92,Brake,High,235,240,236,1,False
RMS,93,Brake,High,240,245,241,1,False
RMS,94,Steering,High,240,250,242,2,False
RMS,95,Engine,High,240,260,244,4,False
RMS,96,Brake,High,245,250,246,1,False
RMS,97,Brake,High,250,255,251,1,False
RMS,98,Steering,High,250,260,252,2,False
RMS,99,Sensor,Medium,250,300,258,8,False
RMS,100,Brake,High,255,260,256,1,False
RMS,101,Brake,High,260,265,261,1,False
RMS,102,Steering,High,260,270,262,2,False
RMS,103,Engine,High,260,280,264,4,False
RMS,104,Brake,High,265,270,266,1,False
RMS,105,Brake,High,270,275,271,1,False
RMS,106,Steering,High,270,280,272,2,False
RMS,107,Brake,High,275,280,276,1,False
RMS,108,Brake,High,280,285,281,1,False
RMS,109,Steering,High,280,290,282,2,False
RMS,110,Engine,High,280,300,284,4,False
RMS,111,Brake,High,285,290,286,1,False
RMS,112,Brake,High,290,295,291,1,False
RMS,113,Steering,High,290,300,292,2,False
RMS,114,Brake,High,295,300,296,1,False
RMS,115,Brake,High,300,305,301,1,False
RMS,116,Steering,High,300,310,302,2,False
RMS,117,Engine,High,300,320,304,4,False
RMS,118,Sensor,Medium,300,350,310,10,False
RMS,119,Diagnostics,Low,300,400,345,45,False
RMS,120,Brake,High,305,310,306,1,False
RMS,121,Brake,High,310,315,311,1,False
RMS,122,Steering,High,310,320,312,2,False
RMS,123,Brake,High,315,320,316,1,False
RMS,124,Brake,High,320,325,321,1,False
RMS,125,Steering,High,320,330,322,2,False
RMS,126,Engine,High,320,340,324,4,False
RMS,127,Brake,High,325,330,326,1,False
RMS,128,Brake,High,330,335,331,1,False
RMS,129,Steering,High,330,340,332,2,False
RMS,130,Brake,High,335,340,336,1,False
RMS,131,Brake,High,340,345,341,1,False
RMS,132,Steering,High,340,350,342,2,False
RMS,133,Engine,High,340,360,344,4,False
RMS,134,Brake,High,345,350,346,1,False
RMS,135,Brake,High,350,355,351,1,False
RMS,136,Steering,High,350,360,352,2,False
RMS,137,Sensor,Medium,350,400,358,8,False
RMS,138,Brake,High,355,360,356,1,False
RMS,139,Brake,High,360,365,361,1,False
RMS,140,Steering,High,360,370,362,2,False
RMS,141,Engine,High,360,380,364,4,False
RMS,142,Brake,High,365,370,366,1,False
RMS,143,Brake,High,370,375,371,1,False
RMS,144,Steering,High,370,380,372,2,False
RMS,145,Brake,High,375,380,376,1,False
RMS,146,Brake,High,380,385,381,1,False
RMS,147,Steering,High,380,390,382,2,False
RMS,148,Engine,High,380,400,384,4,False
RMS,149,Brake,High,385,390,386,1,False
RMS,150,Brake,High,390,395,391,1,False
RMS,151,Steering,High,390,400,392,2,False
RMS,152,Brake,High,395,400,396,1,False
RMS,153,Brake,High,400,405,401,1,False
RMS,154,Steering,High,400,410,402,2,False
RMS,155,Engine,High,400,420,404,4,False
RMS,156,Sensor,Medium,400,450,410,10,False
RMS,157,Diagnostics,Low,400,500,445,45,False
RMS,158,Brake,High,405,410,406,1,False
RMS,159,Brake,High,410,415,411,1,False
RMS,160,Steering,High,410,420,412,2,False
RMS,161,Brake,High,415,420,416,1,False
RMS,162,Brake,High,420,425,421,1,False
RMS,163,Steering,High,420,430,422,2,False
RMS,164,Engine,High,420,440,424,4,False
RMS,165,Brake,High,425,430,426,1,False
RMS,166,Brake,High,430,435,431,1,False
RMS,167,Steering,High,430,440,432,2,False
RMS,168,Brake,High,435,440,436,1,False
RMS,169,Brake,High,440,445,441,1,False
RMS,170,Steering,High,440,450,442,2,False
RMS,171,Engine,High,440,460,444,4,False
RMS,172,Brake,High,445,450,446,1,False
RMS,173,Brake,High,450,455,451,1,False
RMS,174,Steering,High,450,460,452,2,False
RMS,175,Sensor,Medium,450,500,458,8,False
RMS,176,Brake,High,455,460,456,1,False
RMS,177,Brake,High,460,465,461,1,False
RMS,178,Steering,High,460,470,462,2,False
RMS,179,Engine,High,460,480,464,4,False
RMS,180,Brake,High,465,470,466,1,False
RMS,181,Brake,High,470,475,471,1,False
RMS,182,Steering,High,470,480,472,2,False
RMS,183,Brake,High,475,480,476,1,False
RMS,184,Brake,High,480,485,481,1,False
RMS,185,Steering,High,480,490,482,2,False
RMS,186,Engine,High,480,500,484,4,False
RMS,187,Brake,High,485,490,486,1,False
RMS,188,Brake,High,490,495,491,1,False
RMS,189,Steering,High,490,500,492,2,False
RMS,190,Brake,High,495,500,496,1,False
RMS,191,Brake,High,500,505,501,1,False
RMS,192,Steering,High,500,510,502,2,False
RMS,193,Engine,High,500,520,504,4,False
RMS,194,Sensor,Medium,500,550,510,10,False
RMS,195,Diagnostics,Low,500,600,545,45,False
RMS,196,Brake,High,505,510,506,1,False
RMS,197,Brake,High,510,515,511,1,False
RMS,198,Steering,High,510,520,512,2,False
RMS,199,Brake,High,515,520,516,1,False
RMS,200,Brake,High,520,525,521,1,False
RMS,201,Steering,High,520,530,522,2,False
RMS,202,Engine,High,520,540,524,4,False
RMS,203,Brake,High,525,530,526,1,False
RMS,204,Brake,High,530,535,531,1,False
RMS,205,Steering,High,530,540,532,2,False
RMS,206,Brake,High,535,540,536,1,False
RMS,207,Brake,High,540,545,541,1,False
RMS,208,Steering,High,540,550,542,2,False
RMS,209,Engine,High,540,560,544,4,False
RMS,210,Brake,High,545,550,546,1,False
RMS,211,Brake,High,550,555,551,1,False
RMS,212,Steering,High,550,560,552,2,False
RMS,213,Sensor,Medium,550,600,558,8,False
RMS,214,Brake,High,555,560,556,1,False
RMS,215,Brake,High,560,565,561,1,False
RMS,216,Steering,High,560,570,562,2,False
RMS,217,Engine,High,560,580,564,4,False
RMS,218,Brake,High,565,570,566,1,False
RMS,219,Brake,High,570,575,571,1,False
RMS,220,Steering,High,570,580,572,2,False
RMS,221,Brake,High,575,580,576,1,False
RMS,222,Brake,High,580,585,581,1,False
RMS,223,Steering,High,580,590,582,2,False
RMS,224,Engine,High,580,600,584,4,False
RMS,225,Brake,High,585,590,586,1,False
RMS,226,Brake,High,590,595,591,1,False
RMS,227,Steering,High,590,600,592,2,False
RMS,228,Brake,High,595,600,596,1,False
RMS,229,Brake,High,600,605,601,1,False
RMS,230,Steering,High,600,610,602,2,False
RMS,231,Engine,High,600,620,604,4,False
RMS,232,Sensor,Medium,600,650,610,10,False
RMS,233,Diagnostics,Low,600,700,645,45,False
RMS,234,Brake,High,605,610,606,1,False
RMS,235,Brake,High,610,615,611,1,False
RMS,236,Steering,High,610,620,612,2,False
RMS,237,Brake,High,615,620,616,1,False
RMS,238,Brake,High,620,625,621,1,False
RMS,239,Steering,High,620,630,622,2,False
RMS,240,Engine,High,620,640,624,4,False
RMS,241,Brake,High,625,630,626,1,False
RMS,242,Brake,High,630,635,631,1,False
RMS,243,Steering,High,630,640,632,2,False
RMS,244,Brake,High,635,640,636,1,False
RMS,245,Brake,High,640,645,641,1,False
RMS,246,Steering,High,640,650,642,2,False
RMS,247,Engine,High,640,660,644,4,False
RMS,248,Brake,High,645,650,646,1,False
RMS,249,Brake,High,650,655,651,1,False
RMS,250,Steering,High,650,660,652,2,False
RMS,251,Sensor,Medium,650,700,658,8,False
RMS,252,Brake,High,655,660,656,1,False
RMS,253,Brake,High,660,665,661,1,False
RMS,254,Steering,High,660,670,662,2,False
RMS,255,Engine,High,660,680,664,4,False
RMS,256,Brake,High,665,670,666,1,False
RMS,257,Brake,High,670,675,671,1,False
RMS,258,Steering,High,670,680,672,2,False
RMS,259,Brake,High,675,680,676,1,False
RMS,260,Brake,High,680,685,681,1,False
RMS,261,Steering,High,680,690,682,2,False
RMS,262,Engine,High,680,700,684,4,False
RMS,263,Brake,High,685,690,686,1,False
RMS,264,Brake,High,690,695,691,1,False
RMS,265,Steering,High,690,700,692,2,False
RMS,266,Brake,High,695,700,696,1,False
RMS,267,Brake,High,700,705,701,1,False
RMS,268,Steering,High,700,710,702,2,False
RMS,269,Engine,High,700,720,704,4,False
RMS,270,Sensor,Medium,700,750,710,10,False
RMS,271,Diagnostics,Low,700,800,745,45,False
RMS,272,Brake,High,705,710,706,1,False
RMS,273,Brake,High,710,715,711,1,False
RMS,274,Steering,High,710,720,712,2,False
RMS,275,Brake,High,715,720,716,1,False
RMS,276,Brake,High,720,725,721,1,False
RMS,277,Steering,High,720,730,722,2,False
RMS,278,Engine,High,720,740,724,4,False
RMS,279,Brake,High,725,730,726,1,False
RMS,280,Brake,High,730,735,731,1,False
RMS,281,Steering,High,730,740,732,2,False
RMS,282,Brake,High,735,740,736,1,False
RMS,283,Brake,High,740,745,741,1,False
RMS,284,Steering,High,740,750,742,2,False
RMS,285,Engine,High,740,760,744,4,False
RMS,286,Brake,High,745,750,746,1,False
RMS,287,Brake,High,750,755,751,1,False
RMS,288,Steering,High,750,760,752,2,False
RMS,289,Sensor,Medium,750,800,758,8,False
RMS,290,Brake,High,755,760,756,1,False
RMS,291,Brake,High,760,765,761,1,False
RMS,292,Steering,High,760,770,762,2,False
RMS,293,Engine,High,760,780,764,4,False
RMS,294,Brake,High,765,770,766,1,False
RMS,295,Brake,High,770,775,771,1,False
RMS,296,Steering,High,770,780,772,2,False
RMS,297,Brake,High,775,780,776,1,False
RMS,298,Brake,High,780,785,781,1,False
RMS,299,Steering,High,780,790,782,2,False
RMS,300,Engine,High,780,800,784,4,False
RMS,301,Brake,High,785,790,786,1,False
RMS,302,Brake,High,790,795,791,1,False
RMS,303,Steering,High,790,800,792,2,False
RMS,304,Brake,High,795,800,796,1,False
RMS,305,Brake,High,800,805,801,1,False
RMS,306,Steering,High,800,810,802,2,False
RMS,307,Engine,High,800,820,804,4,False
RMS,308,Sensor,Medium,800,850,810,10,False
RMS,309,Diagnostics,Low,800,900,845,45,False
RMS,310,Brake,High,805,810,806,1,False
RMS,311,Brake,High,810,815,811,1,False
RMS,312,Steering,High,810,820,812,2,False
RMS,313,Brake,High,815,820,816,1,False
RMS,314,Brake,High,820,825,821,1,False
RMS,315,Steering,High,820,830,822,2,False
RMS,316,Engine,High,820,840,824,4,False
RMS,317,Brake,High,825,830,826,1,False
RMS,318,Brake,High,830,835,831,1,False
RMS,319,Steering,High,830,840,832,2,False
RMS,320,Brake,High,835,840,836,1,False
RMS,321,Brake,High,840,845,841,1,False
RMS,322,Steering,High,840,850,842,2,False
RMS,323,Engine,High,840,860,844,4,False
RMS,324,Brake,High,845,850,846,1,False
RMS,325,Brake,High,850,855,851,1,False
RMS,326,Steering,High,850,860,852,2,False
RMS,327,Sensor,Medium,850,900,858,8,False
RMS,328,Brake,High,855,860,856,1,False
RMS,329,Brake,High,860,865,861,1,False
RMS,330,Steering,High,860,870,862,2,False
RMS,331,Engine,High,860,880,864,4,False
RMS,332,Brake,High,865,870,866,1,False
RMS,333,Brake,High,870,875,871,1,False
RMS,334,Steering,High,870,880,872,2,False
RMS,335,Brake,High,875,880,876,1,False
RMS,336,Brake,High,880,885,881,1,False
RMS,337,Steering,High,880,890,882,2,False
RMS,338,Engine,High,880,900,884,4,False
RMS,339,Brake,High,885,890,886,1,False
RMS,340,Brake,High,890,895,891,1,False
RMS,341,Steering,High,890,900,892,2,False
RMS,342,Brake,High,895,900,896,1,False
RMS,343,Brake,High,900,905,901,1,False
RMS,344,Steering,High,900,910,902,2,False
RMS,345,Engine,High,900,920,904,4,False
RMS,346,Sensor,Medium,900,950,910,10,False
RMS,347,Diagnostics,Low,900,1000,945,45,False
RMS,348,Brake,High,905,910,906,1,False
RMS,349,Brake,High,910,915,911,1,False
RMS,350,Steering,High,910,920,912,2,False
RMS,351,Brake,High,915,920,916,1,False
RMS,352,Brake,High,920,925,921,1,False
RMS,353,Steering,High,920,930,922,2,False
RMS,354,Engine,High,920,940,924,4,False
RMS,355,Brake,High,925,930,926,1,False
RMS,356,Brake,High,930,935,931,1,False
RMS,357,Steering,High,930,940,932,2,False
RMS,358,Brake,High,935,940,936,1,False
RMS,359,Brake,High,940,945,941,1,False
RMS,360,Steering,High,940,950,942,2,False
RMS,361,Engine,High,940,960,944,4,False
RMS,362,Brake,High,945,950,946,1,False
RMS,363,Brake,High,950,955,951,1,False
RMS,364,Steering,High,950,960,952,2,False
RMS,365,Sensor,Medium,950,1000,958,8,False
RMS,366,Brake,High,955,960,956,1,False
RMS,367,Brake,High,960,965,961,1,False
RMS,368,Steering,High,960,970,962,2,False
RMS,369,Engine,High,960,980,964,4,False
RMS,370,Brake,High,965,970,966,1,False
RMS,371,Brake,High,970,975,971,1,False
RMS,372,Steering,High,970,980,972,2,False
RMS,373,Brake,High,975,980,976,1,False
RMS,374,Brake,High,980,985,981,1,False
RMS,375,Steering,High,980,990,982,2,False
RMS,376,Engine,High,980,1000,984,4,False
RMS,377,Brake,High,985,990,986,1,False
RMS,378,Brake,High,990,995,991,1,False
RMS,379,Steering,High,990,1000,992,2,False
RMS,380,Brake,High,995,1000,996,1,False
RMS,381,Brake,High,1000,1005,1001,1,False
RMS,382,Steering,High,1000,1010,1002,2,False
RMS,383,Engine,High,1000,1020,1004,4,False
RMS,384,Sensor,Medium,1000,1050,1010,10,False
RMS,385,Diagnostics,Low,1000,1100,1045,45,False
RMS,386,Brake,High,1005,1010,1006,1,False
RMS,387,Brake,High,1010,1015,1011,1,False
RMS,388,Steering,High,1010,1020,1012,2,False
RMS,389,Brake,High,1015,1020,1016,1,False
RMS,390,Brake,High,1020,1025,1021,1,False
RMS,391,Steering,High,1020,1030,1022,2,False
RMS,392,Engine,High,1020,1040,1024,4,False
RMS,393,Brake,High,1025,1030,1026,1,False
RMS,394,Brake,High,1030,1035,1031,1,False
RMS,395,Steering,High,1030,1040,1032,2,False
RMS,396,Brake,High,1035,1040,1036,1,False
RMS,397,Brake,High,1040,1045,1041,1,False
RMS,398,Steering,High,1040,1050,1042,2,False
RMS,399,Engine,High,1040,1060,1044,4,False
RMS,400,Brake,High,1045,1050,1046,1,False
RMS,401,Brake,High,1050,1055,1051,1,False
RMS,402,Steering,High,1050,1060,1052,2,False
RMS,403,Sensor,Medium,1050,1100,1058,8,False
RMS,404,Brake,High,1055,1060,1056,1,False
RMS,405,Brake,High,1060,1065,1061,1,False
RMS,406,Steering,High,1060,1070,1062,2,False
RMS,407,Engine,High,1060,1080,1064,4,False
RMS,408,Brake,High,1065,1070,1066,1,False
RMS,409,Brake,High,1070,1075,1071,1,False
RMS,410,Steering,High,1070,1080,1072,2,False
RMS,411,Brake,High,1075,1080,1076,1,False
RMS,412,Brake,High,1080,1085,1081,1,False
RMS,413,Steering,High,1080,1090,1082,2,False
RMS,414,Engine,High,1080,1100,1084,4,False
RMS,415,Brake,High,1085,1090,1086,1,False
RMS,416,Brake,High,1090,1095,1091,1,False
RMS,417,Steering,High,1090,1100,1092,2,False
RMS,418,Brake,High,1095,1100,1096,1,False
RMS,419,Brake,High,1100,1105,1101,1,False
RMS,420,Steering,High,1100,1110,1102,2,False
RMS,421,Engine,High,1100,1120,1104,4,False
RMS,422,Sensor,Medium,1100,1150,1110,10,False
RMS,423,Diagnostics,Low,1100,1200,1145,45,False
RMS,424,Brake,High,1105,1110,1106,1,False
RMS,425,Brake,High,1110,1115,1111,1,False
RMS,426,Steering,High,1110,1120,1112,2,False
RMS,427,Brake,High,1115,1120,1116,1,False
RMS,428,Brake,High,1120,1125,1121,1,False
RMS,429,Steering,High,1120,1130,1122,2,False
RMS,430,Engine,High,1120,1140,1124,4,False
RMS,431,Brake,High,1125,1130,1126,1,False
RMS,432,Brake,High,1130,1135,1131,1,False
RMS,433,Steering,High,1130,1140,1132,2,False
RMS,434,Brake,High,1135,1140,1136,1,False
RMS,435,Brake,High,1140,1145,1141,1,False
RMS,436,Steering,High,1140,1150,1142,2,False
RMS,437,Engine,High,1140,1160,1144,4,False
RMS,438,Brake,High,1145,1150,1146,1,False
RMS,439,Brake,High,1150,1155,1151,1,False
RMS,440,Steering,High,1150,1160,1152,2,False
RMS,441,Sensor,Medium,1150,1200,1158,8,False
RMS,442,Brake,High,1155,1160,1156,1,False
RMS,443,Brake,High,1160,1165,1161,1,False
RMS,444,Steering,High,1160,1170,1162,2,False
RMS,445,Engine,High,1160,1180,1164,4,False
RMS,446,Brake,High,1165,1170,1166,1,False
RMS,447,Brake,High,1170,1175,1171,1,False
RMS,448,Steering,High,1170,1180,1172,2,False
RMS,449,Brake,High,1175,1180,1176,1,False
RMS,450,Brake,High,1180,1185,1181,1,False
RMS,451,Steering,High,1180,1190,1182,2,False
RMS,452,Engine,High,1180,1200,1184,4,False
RMS,453,Brake,High,1185,1190,1186,1,False
RMS,454,Brake,High,1190,1195,1191,1,False
RMS,455,Steering,High,1190,1200,1192,2,False
RMS,456,Brake,High,1195,1200,1196,1,False
RMS,457,Brake,High,1200,1205,1201,1,False
RMS,458,Steering,High,1200,1210,1202,2,False
RMS,459,Engine,High,1200,1220,1204,4,False
RMS,460,Sensor,Medium,1200,1250,1210,10,False
RMS,461,Diagnostics,Low,1200,1300,1245,45,False
RMS,462,Brake,High,1205,1210,1206,1,False
RMS,463,Brake,High,1210,1215,1211,1,False
RMS,464,Steering,High,1210,1220,1212,2,False
RMS,465,Brake,High,1215,1220,1216,1,False
RMS,466,Brake,High,1220,1225,1221,1,False
RMS,467,Steering,High,1220,1230,1222,2,False
RMS,468,Engine,High,1220,1240,1224,4,False
RMS,469,Brake,High,1225,1230,1226,1,False
RMS,470,Brake,High,1230,1235,1231,1,False
RMS,471,Steering,High,1230,1240,1232,2,False
RMS,472,Brake,High,1235,1240,1236,1,False
RMS,473,Brake,High,1240,1245,1241,1,False
RMS,474,Steering,High,1240,1250,1242,2,False
RMS,475,Engine,High,1240,1260,1244,4,False
RMS,476,Brake,High,1245,1250,1246,1,False
RMS,477,Brake,High,1250,1255,1251,1,False
RMS,478,Steering,High,1250,1260,1252,2,False
RMS,479,Sensor,Medium,1250,1300,1258,8,False
RMS,480,Brake,High,1255,1260,1256,1,False
RMS,481,Brake,High,1260,1265,1261,1,False
RMS,482,Steering,High,1260,1270,1262,2,False
RMS,483,Engine,High,1260,1280,1264,4,False
RMS,484,Brake,High,1265,1270,1266,1,False
RMS,485,Brake,High,1270,1275,1271,1,False
RMS,486,Steering,High,1270,1280,1272,2,False
RMS,487,Brake,High,1275,1280,1276,1,False
RMS,488,Brake,High,1280,1285,1281,1,False
RMS,489,Steering,High,1280,1290,1282,2,False
RMS,490,Engine,High,1280,1300,1284,4,False
RMS,491,Brake,High,1285,1290,1286,1,False
RMS,492,Brake,High,1290,1295,1291,1,False
RMS,493,Steering,High,1290,1300,1292,2,False
RMS,494,Brake,High,1295,1300,1296,1,False
RMS,495,Brake,High,1300,1305,1301,1,False
RMS,496,Steering,High,1300,1310,1302,2,False
RMS,497,Engine,High,1300,1320,1304,4,False
RMS,498,Sensor,Medium,1300,1350,1310,10,False
RMS,499,Diagnostics,Low,1300,1400,1345,45,False
RMS,500,Brake,High,1305,1310,1306,1,False
RMS,501,Brake,High,1310,1315,1311,1,False
RMS,502,Steering,High,1310,1320,1312,2,False
RMS,503,Brake,High,1315,1320,1316,1,False
RMS,504,Brake,High,1320,1325,1321,1,False
RMS,505,Steering,High,1320,1330,1322,2,False
RMS,506,Engine,High,1320,1340,1324,4,False
RMS,507,Brake,High,1325,1330,1326,1,False
RMS,508,Brake,High,1330,1335,1331,1,False
RMS,509,Steering,High,1330,1340,1332,2,False
RMS,510,Brake,High,1335,1340,1336,1,False
RMS,511,Brake,High,1340,1345,1341,1,False
RMS,512,Steering,High,1340,1350,1342,2,False
RMS,513,Engine,High,1340,1360,1344,4,False
RMS,514,Brake,High,1345,1350,1346,1,False
RMS,515,Brake,High,1350,1355,1351,1,False
RMS,516,Steering,High,1350,1360,1352,2,False
RMS,517,Sensor,Medium,1350,1400,1358,8,False
RMS,518,Brake,High,1355,1360,1356,1,False
RMS,519,Brake,High,1360,1365,1361,1,False
RMS,520,Steering,High,1360,1370,1362,2,False
RMS,521,Engine,High,1360,1380,1364,4,False
RMS,522,Brake,High,1365,1370,1366,1,False
RMS,523,Brake,High,1370,1375,1371,1,False
RMS,524,Steering,High,1370,1380,1372,2,False
RMS,525,Brake,High,1375,1380,1376,1,False
RMS,526,Brake,High,1380,1385,1381,1,False
RMS,527,Steering,High,1380,1390,1382,2,False
RMS,528,Engine,High,1380,1400,1384,4,False
RMS,529,Brake,High,1385,1390,1386,1,False
RMS,530,Brake,High,1390,1395,1391,1,False
RMS,531,Steering,High,1390,1400,1392,2,False
RMS,532,Brake,High,1395,1400,1396,1,False
RMS,533,Brake,High,1400,1405,1401,1,False
RMS,534,Steering,High,1400,1410,1402,2,False
RMS,535,Engine,High,1400,1420,1404,4,False
RMS,536,Sensor,Medium,1400,1450,1410,10,False
RMS,537,Diagnostics,Low,1400,1500,1445,45,False
RMS,538,Brake,High,1405,1410,1406,1,False
RMS,539,Brake,High,1410,1415,1411,1,False
RMS,540,Steering,High,1410,1420,1412,2,False
RMS,541,Brake,High,1415,1420,1416,1,False
RMS,542,Brake,High,1420,1425,1421,1,False
RMS,543,Steering,High,1420,1430,1422,2,False
RMS,544,Engine,High,1420,1440,1424,4,False
RMS,545,Brake,High,1425,1430,1426,1,False
RMS,546,Brake,High,1430,1435,1431,1,False
RMS,547,Steering,High,1430,1440,1432,2,False
RMS,548,Brake,High,1435,1440,1436,1,False
RMS,549,Brake,High,1440,1445,1441,1,False
RMS,550,Steering,High,1440,1450,1442,2,False
RMS,551,Engine,High,1440,1460,1444,4,False
RMS,552,Brake,High,1445,1450,1446,1,False
RMS,553,Brake,High,1450,1455,1451,1,False
RMS,554,Steering,High,1450,1460,1452,2,False
RMS,555,Sensor,Medium,1450,1500,1458,8,False
RMS,556,Brake,High,1455,1460,1456,1,False
RMS,557,Brake,High,1460,1465,1461,1,False
RMS,558,Steering,High,1460,1470,1462,2,False
RMS,559,Engine,High,1460,1480,1464,4,False
RMS,560,Brake,High,1465,1470,1466,1,False
RMS,561,Brake,High,1470,1475,1471,1,False
RMS,562,Steering,High,1470,1480,1472,2,False
RMS,563,Brake,High,1475,1480,1476,1,False
RMS,564,Brake,High,1480,1485,1481,1,False
RMS,565,Steering,High,1480,1490,1482,2,False
RMS,566,Engine,High,1480,1500,1484,4,False
RMS,567,Brake,High,1485,1490,1486,1,False
RMS,568,Brake,High,1490,1495,1491,1,False
RMS,569,Steering,High,1490,1500,1492,2,False
RMS,570,Brake,High,1495,1500,1496,1,False
RMS,571,Brake,High,1500,1505,1501,1,False
RMS,572,Steering,High,1500,1510,1502,2,False
RMS,573,Engine,High,1500,1520,1504,4,False
RMS,574,Sensor,Medium,1500,1550,1510,10,False
RMS,575,Diagnostics,Low,1500,1600,1545,45,False
RMS,576,Brake,High,1505,1510,1506,1,False
RMS,577,Brake,High,1510,1515,1511,1,False
RMS,578,Steering,High,1510,1520,1512,2,False
RMS,579,Brake,High,1515,1520,1516,1,False
RMS,580,Brake,High,1520,1525,1521,1,False
RMS,581,Steering,High,1520,1530,1522,2,False
RMS,582,Engine,High,1520,1540,1524,4,False
RMS,583,Brake,High,1525,1530,1526,1,False
RMS,584,Brake,High,1530,1535,1531,1,False
RMS,585,Steering,High,1530,1540,1532,2,False
RMS,586,Brake,High,1535,1540,1536,1,False
RMS,587,Brake,High,1540,1545,1541,1,False
RMS,588,Steering,High,1540,1550,1542,2,False
RMS,589,Engine,High,1540,1560,1544,4,False
RMS,590,Brake,High,1545,1550,1546,1,False
RMS,591,Brake,High,1550,1555,1551,1,False
RMS,592,Steering,High,1550,1560,1552,2,False
RMS,593,Sensor,Medium,1550,1600,1558,8,False
RMS,594,Brake,High,1555,1560,1556,1,False
RMS,595,Brake,High,1560,1565,1561,1,False
RMS,596,Steering,High,1560,1570,1562,2,False
RMS,597,Engine,High,1560,1580,1564,4,False
RMS,598,Brake,High,1565,1570,1566,1,False
RMS,599,Brake,High,1570,1575,1571,1,False
RMS,600,Steering,High,1570,1580,1572,2,False
RMS,601,Brake,High,1575,1580,1576,1,False
RMS,602,Brake,High,1580,1585,1581,1,False
RMS,603,Steering,High,1580,1590,1582,2,False
RMS,604,Engine,High,1580,1600,1584,4,False
RMS,605,Brake,High,1585,1590,1586,1,False
RMS,606,Brake,High,1590,1595,1591,1,False
RMS,607,Steering,High,1590,1600,1592,2,False
RMS,608,Brake,High,1595,1600,1596,1,False
RMS,609,Brake,High,1600,1605,1601,1,False
RMS,610,Steering,High,1600,1610,1602,2,False
RMS,611,Engine,High,1600,1620,1604,4,False
RMS,612,Sensor,Medium,1600,1650,1610,10,False
RMS,613,Diagnostics,Low,1600,1700,1645,45,False
RMS,614,Brake,High,1605,1610,1606,1,False
RMS,615,Brake,High,1610,1615,1611,1,False
RMS,616,Steering,High,1610,1620,1612,2,False
RMS,617,Brake,High,1615,1620,1616,1,False
RMS,618,Brake,High,1620,1625,1621,1,False
RMS,619,Steering,High,1620,1630,1622,2,False
RMS,620,Engine,High,1620,1640,1624,4,False
RMS,621,Brake,High,1625,1630,1626,1,False
RMS,622,Brake,High,1630,1635,1631,1,False
RMS,623,Steering,High,1630,1640,1632,2,False
RMS,624,Brake,High,1635,1640,1636,1,False
RMS,625,Brake,High,1640,1645,1641,1,False
RMS,626,Steering,High,1640,1650,1642,2,False
RMS,627,Engine,High,1640,1660,1644,4,False
RMS,628,Brake,High,1645,1650,1646,1,False
RMS,629,Brake,High,1650,1655,1651,1,False
RMS,630,Steering,High,1650,1660,1652,2,False
RMS,631,Sensor,Medium,1650,1700,1658,8,False
RMS,632,Brake,High,1655,1660,1656,1,False
RMS,633,Brake,High,1660,1665,1661,1,False
RMS,634,Steering,High,1660,1670,1662,2,False
RMS,635,Engine,High,1660,1680,1664,4,False
RMS,636,Brake,High,1665,1670,1666,1,False
RMS,637,Brake,High,1670,1675,1671,1,False
RMS,638,Steering,High,1670,1680,1672,2,False
RMS,639,Brake,High,1675,1680,1676,1,False
RMS,640,Brake,High,1680,1685,1681,1,False
RMS,641,Steering,High,1680,1690,1682,2,False
RMS,642,Engine,High,1680,1700,1684,4,False
RMS,643,Brake,High,1685,1690,1686,1,False
RMS,644,Brake,High,1690,1695,1691,1,False
RMS,645,Steering,High,1690,1700,1692,2,False
RMS,646,Brake,High,1695,1700,1696,1,False
RMS,647,Brake,High,1700,1705,1701,1,False
RMS,648,Steering,High,1700,1710,1702,2,False
RMS,649,Engine,High,1700,1720,1704,4,False
RMS,650,Sensor,Medium,1700,1750,1710,10,False
RMS,651,Diagnostics,Low,1700,1800,1745,45,False
RMS,652,Brake,High,1705,1710,1706,1,False
RMS,653,Brake,High,1710,1715,1711,1,False
RMS,654,Steering,High,1710,1720,1712,2,False
RMS,655,Brake,High,1715,1720,1716,1,False
RMS,656,Brake,High,1720,1725,1721,1,False
RMS,657,Steering,High,1720,1730,1722,2,False
RMS,658,Engine,High,1720,1740,1724,4,False
RMS,659,Brake,High,1725,1730,1726,1,False
RMS,660,Brake,High,1730,1735,1731,1,False
RMS,661,Steering,High,1730,1740,1732,2,False
RMS,662,Brake,High,1735,1740,1736,1,False
RMS,663,Brake,High,1740,1745,1741,1,False
RMS,664,Steering,High,1740,1750,1742,2,False
RMS,665,Engine,High,1740,1760,1744,4,False
RMS,666,Brake,High,1745,1750,1746,1,False
RMS,667,Brake,High,1750,1755,1751,1,False
RMS,668,Steering,High,1750,1760,1752,2,False
RMS,669,Sensor,Medium,1750,1800,1758,8,False
RMS,670,Brake,High,1755,1760,1756,1,False
RMS,671,Brake,High,1760,1765,1761,1,False
RMS,672,Steering,High,1760,1770,1762,2,False
RMS,673,Engine,High,1760,1780,1764,4,False
RMS,674,Brake,High,1765,1770,1766,1,False
RMS,675,Brake,High,1770,1775,1771,1,False
RMS,676,Steering,High,1770,1780,1772,2,False
RMS,677,Brake,High,1775,1780,1776,1,False
RMS,678,Brake,High,1780,1785,1781,1,False
RMS,679,Steering,High,1780,1790,1782,2,False
RMS,680,Engine,High,1780,1800,1784,4,False
RMS,681,Brake,High,1785,1790,1786,1,False
RMS,682,Brake,High,1790,1795,1791,1,False
RMS,683,Steering,High,1790,1800,1792,2,False
RMS,684,Brake,High,1795,1800,1796,1,False
RMS,685,Brake,High,1800,1805,1801,1,False
RMS,686,Steering,High,1800,1810,1802,2,False
RMS,687,Engine,High,1800,1820,1804,4,False
RMS,688,Sensor,Medium,1800,1850,1810,10,False
RMS,689,Diagnostics,Low,1800,1900,1845,45,False
RMS,690,Brake,High,1805,1810,1806,1,False
RMS,691,Brake,High,1810,1815,1811,1,False
RMS,692,Steering,High,1810,1820,1812,2,False
RMS,693,Brake,High,1815,1820,1816,1,False
RMS,694,Brake,High,1820,1825,1821,1,False
RMS,695,Steering,High,1820,1830,1822,2,False
RMS,696,Engine,High,1820,1840,1824,4,False
RMS,697,Brake,High,1825,1830,1826,1,False
RMS,698,Brake,High,1830,1835,1831,1,False
RMS,699,Steering,High,1830,1840,1832,2,False
RMS,700,Brake,High,1835,1840,1836,1,False
RMS,701,Brake,High,1840,1845,1841,1,False
RMS,702,Steering,High,1840,1850,1842,2,False
RMS,703,Engine,High,1840,1860,1844,4,False
RMS,704,Brake,High,1845,1850,1846,1,False
RMS,705,Brake,High,1850,1855,1851,1,False
RMS,706,Steering,High,1850,1860,1852,2,False
RMS,707,Sensor,Medium,1850,1900,1858,8,False
RMS,708,Brake,High,1855,1860,1856,1,False
RMS,709,Brake,High,1860,1865,1861,1,False
RMS,710,Steering,High,1860,1870,1862,2,False
RMS,711,Engine,High,1860,1880,1864,4,False
RMS,712,Brake,High,1865,1870,1866,1,False
RMS,713,Brake,High,1870,1875,1871,1,False
RMS,714,Steering,High,1870,1880,1872,2,False
RMS,715,Brake,High,1875,1880,1876,1,False
RMS,716,Brake,High,1880,1885,1881,1,False
RMS,717,Steering,High,1880,1890,1882,2,False
RMS,718,Engine,High,1880,1900,1884,4,False
RMS,719,Brake,High,1885,1890,1886,1,False
RMS,720,Brake,High,1890,1895,1891,1,False
RMS,721,Steering,High,1890,1900,1892,2,False
RMS,722,Brake,High,1895,1900,1896,1,False
RMS,723,Brake,High,1900,1905,1901,1,False
RMS,724,Steering,High,1900,1910,1902,2,False
RMS,725,Engine,High,1900,1920,1904,4,False
RMS,726,Sensor,Medium,1900,1950,1910,10,False
RMS,727,Diagnostics,Low,1900,2000,1945,45,False
RMS,728,Brake,High,1905,1910,1906,1,False
RMS,729,Brake,High,1910,1915,1911,1,False
RMS,730,Steering,High,1910,1920,1912,2,False
RMS,731,Brake,High,1915,1920,1916,1,False
RMS,732,Brake,High,1920,1925,1921,1,False
RMS,733,Steering,High,1920,1930,1922,2,False
RMS,734,Engine,High,1920,1940,1924,4,False
RMS,735,Brake,High,1925,1930,1926,1,False
RMS,736,Brake,High,1930,1935,1931,1,False
RMS,737,Steering,High,1930,1940,1932,2,False
RMS,738,Brake,High,1935,1940,1936,1,False
RMS,739,Brake,High,1940,1945,1941,1,False
RMS,740,Steering,High,1940,1950,1942,2,False
RMS,741,Engine,High,1940,1960,1944,4,False
RMS,742,Brake,High,1945,1950,1946,1,False
RMS,743,Brake,High,1950,1955,1951,1,False
RMS,744,Steering,High,1950,1960,1952,2,False
RMS,745,Sensor,Medium,1950,2000,1958,8,False
RMS,746,Brake,High,1955,1960,1956,1,False
RMS,747,Brake,High,1960,1965,1961,1,False
RMS,748,Steering,High,1960,1970,1962,2,False
RMS,749,Engine,High,1960,1980,1964,4,False
RMS,750,Brake,High,1965,1970,1966,1,False
RMS,751,Brake,High,1970,1975,1971,1,False
RMS,752,Steering,High,1970,1980,1972,2,False
RMS,753,Brake,High,1975,1980,1976,1,False
RMS,754,Brake,High,1980,1985,1981,1,False
RMS,755,Steering,High,1980,1990,1982,2,False
RMS,756,Engine,High,1980,2000,1984,4,False
RMS,757,Brake,High,1985,1990,1986,1,False
RMS,758,Brake,High,1990,1995,1991,1,False
RMS,759,Steering,High,1990,2000,1992,2,False
RMS,760,Brake,High,1995,2000,1996,1,False
RMS,761,Brake,High,2000,2005,2001,1,False
RMS,762,Steering,High,2000,2010,2004,4,False
RMS,763,Engine,High,2000,2020,2009,9,False
RMS,764,Sensor,Medium,2000,2050,2030,30,False
RMS,765,Diagnostics,Low,2000,2100,2200,200,True
RMS,766,Burst,Medium,2000,2005,2003,3,False
RMS,767,Brake,High,2005,2010,2006,1,False
RMS,768,Burst,Medium,2005,2010,2008,3,False
RMS,769,Brake,High,2010,2015,2011,1,False
RMS,770,Steering,High,2010,2020,2014,4,False
RMS,771,Burst,Medium,2010,2015,2013,3,False
RMS,772,Brake,High,2015,2020,2016,1,False
RMS,773,Burst,Medium,2015,2020,2018,3,False
RMS,774,Brake,High,2020,2025,2021,1,False
RMS,775,Steering,High,2020,2030,2024,4,False
RMS,776,Engine,High,2020,2040,2029,9,False
RMS,777,Burst,Medium,2020,2025,2023,3,False
RMS,778,Brake,High,2025,2030,2026,1,False
RMS,779,Burst,Medium,2025,2030,2028,3,False
RMS,780,Brake,High,2030,2035,2031,1,False
RMS,781,Steering,High,2030,2040,2034,4,False
RMS,782,Burst,Medium,2030,2035,2033,3,False
RMS,783,Brake,High,2035,2040,2036,1,False
RMS,784,Burst,Medium,2035,2040,2038,3,False
RMS,785,Brake,High,2040,2045,2041,1,False
RMS,786,Steering,High,2040,2050,2044,4,False
RMS,787,Engine,High,2040,2060,2049,9,False
RMS,788,Burst,Medium,2040,2045,2043,3,False
RMS,789,Brake,High,2045,2050,2046,1,False
RMS,790,Burst,Medium,2045,2050,2048,3,False
RMS,791,Brake,High,2050,2055,2051,1,False
RMS,792,Steering,High,2050,2060,2054,4,False
RMS,793,Sensor,Medium,2050,2100,2075,25,False
RMS,794,Burst,Medium,2050,2055,2053,3,False
RMS,795,Brake,High,2055,2060,2056,1,False
RMS,796,Burst,Medium,2055,2060,2058,3,False
RMS,797,Brake,High,2060,2065,2061,1,False
RMS,798,Steering,High,2060,2070,2064,4,False
RMS,799,Engine,High,2060,2080,2069,9,False
RMS,800,Burst,Medium,2060,2065,2063,3,False
RMS,801,Brake,High,2065,2070,2066,1,False
RMS,802,Burst,Medium,2065,2070,2068,3,False
RMS,803,Brake,High,2070,2075,2071,1,False
RMS,804,Steering,High,2070,2080,2074,4,False
RMS,805,Burst,Medium,2070,2075,2073,3,False
RMS,806,Brake,High,2075,2080,2076,1,False
RMS,807,Burst,Medium,2075,2080,2078,3,False
RMS,808,Brake,High,2080,2085,2081,1,False
RMS,809,Steering,High,2080,2090,2084,4,False
RMS,810,Engine,High,2080,2100,2089,9,False
RMS,811,Burst,Medium,2080,2085,2083,3,False
RMS,812,Brake,High,2085,2090,2086,1,False
RMS,813,Burst,Medium,2085,2090,2088,3,False
RMS,814,Brake,High,2090,2095,2091,1,False
RMS,815,Steering,High,2090,2100,2094,4,False
RMS,816,Burst,Medium,2090,2095,2093,3,False
RMS,817,Brake,High,2095,2100,2096,1,False
RMS,818,Burst,Medium,2095,2100,2098,3,False
RMS,819,Brake,High,2100,2105,2101,1,False
RMS,820,Steering,High,2100,2110,2104,4,False
RMS,821,Engine,High,2100,2120,2109,9,False
RMS,822,Sensor,Medium,2100,2150,2130,30,False
RMS,823,Diagnostics,Low,2100,2200,2400,300,True
RMS,824,Burst,Medium,2100,2105,2103,3,False
RMS,825,Brake,High,2105,2110,2106,1,False
RMS,826,Burst,Medium,2105,2110,2108,3,False
RMS,827,Brake,High,2110,2115,2111,1,False
RMS,828,Steering,High,2110,2120,2114,4,False
RMS,829,Burst,Medium,2110,2115,2113,3,False
RMS,830,Brake,High,2115,2120,2116,1,False
RMS,831,Burst,Medium,2115,2120,2118,3,False
RMS,832,Brake,High,2120,2125,2121,1,False
RMS,833,Steering,High,2120,2130,2124,4,False
RMS,834,Engine,High,2120,2140,2129,9,False
RMS,835,Burst,Medium,2120,2125,2123,3,False
RMS,836,Brake,High,2125,2130,2126,1,False
RMS,837,Burst,Medium,2125,2130,2128,3,False
RMS,838,Brake,High,2130,2135,2131,1,False
RMS,839,Steering,High,2130,2140,2134,4,False
RMS,840,Burst,Medium,2130,2135,2133,3,False
RMS,841,Brake,High,2135,2140,2136,1,False
RMS,842,Burst,Medium,2135,2140,2138,3,False
RMS,843,Brake,High,2140,2145,2141,1,False
RMS,844,Steering,High,2140,2150,2144,4,False
RMS,845,Engine,High,2140,2160,2149,9,False
RMS,846,Burst,Medium,2140,2145,2143,3,False
RMS,847,Brake,High,2145,2150,2146,1,False
RMS,848,Burst,Medium,2145,2150,2148,3,False
RMS,849,Brake,High,2150,2155,2151,1,False
RMS,850,Steering,High,2150,2160,2154,4,False
RMS,851,Sensor,Medium,2150,2200,2175,25,False
RMS,852,Burst,Medium,2150,2155,2153,3,False
RMS,853,Brake,High,2155,2160,2156,1,False
RMS,854,Burst,Medium,2155,2160,2158,3,False
RMS,855,Brake,High,2160,2165,2161,1,False
RMS,856,Steering,High,2160,2170,2164,4,False
RMS,857,Engine,High,2160,2180,2169,9,False
RMS,858,Burst,Medium,2160,2165,2163,3,False
RMS,859,Brake,High,2165,2170,2166,1,False
RMS,860,Burst,Medium,2165,2170,2168,3,False
RMS,861,Brake,High,2170,2175,2171,1,False
RMS,862,Steering,High,2170,2180,2174,4,False
RMS,863,Burst,Medium,2170,2175,2173,3,False
RMS,864,Brake,High,2175,2180,2176,1,False
RMS,865,Burst,Medium,2175,2180,2178,3,False
RMS,866,Brake,High,2180,2185,2181,1,False
RMS,867,Steering,High,2180,2190,2184,4,False
RMS,868,Engine,High,2180,2200,2189,9,False
RMS,869,Burst,Medium,2180,2185,2183,3,False
RMS,870,Brake,High,2185,2190,2186,1,False
RMS,871,Burst,Medium,2185,2190,2188,3,False
RMS,872,Brake,High,2190,2195,2191,1,False
RMS,873,Steering,High,2190,2200,2194,4,False
RMS,874,Burst,Medium,2190,2195,2193,3,False
RMS,875,Brake,High,2195,2200,2196,1,False
RMS,876,Burst,Medium,2195,2200,2198,3,False
RMS,877,Brake,High,2200,2205,2201,1,False
RMS,878,Steering,High,2200,2210,2204,4,False
RMS,879,Engine,High,2200,2220,2209,9,False
RMS,880,Sensor,Medium,2200,2250,2230,30,False
RMS,881,Diagnostics,Low,2200,2300,2528,328,True
RMS,882,Burst,Medium,2200,2205,2203,3,False
RMS,883,Brake,High,2205,2210,2206,1,False
RMS,884,Burst,Medium,2205,2210,2208,3,False
RMS,885,Brake,High,2210,2215,2211,1,False
RMS,886,Steering,High,2210,2220,2214,4,False
RMS,887,Burst,Medium,2210,2215,2213,3,False
RMS,888,Brake,High,2215,2220,2216,1,False
RMS,889,Burst,Medium,2215,2220,2218,3,False
RMS,890,Brake,High,2220,2225,2221,1,False
RMS,891,Steering,High,2220,2230,2224,4,False
RMS,892,Engine,High,2220,2240,2229,9,False
RMS,893,Burst,Medium,2220,2225,2223,3,False
RMS,894,Brake,High,2225,2230,2226,1,False
RMS,895,Burst,Medium,2225,2230,2228,3,False
RMS,896,Brake,High,2230,2235,2231,1,False
RMS,897,Steering,High,2230,2240,2234,4,False
RMS,898,Burst,Medium,2230,2235,2233,3,False
RMS,899,Brake,High,2235,2240,2236,1,False
RMS,900,Burst,Medium,2235,2240,2238,3,False
RMS,901,Brake,High,2240,2245,2241,1,False
RMS,902,Steering,High,2240,2250,2244,4,False
RMS,903,Engine,High,2240,2260,2249,9,False
RMS,904,Burst,Medium,2240,2245,2243,3,False
RMS,905,Brake,High,2245,2250,2246,1,False
RMS,906,Burst,Medium,2245,2250,2248,3,False
RMS,907,Brake,High,2250,2255,2251,1,False
RMS,908,Steering,High,2250,2260,2254,4,False
RMS,909,Sensor,Medium,2250,2300,2275,25,False
RMS,910,Burst,Medium,2250,2255,2253,3,False
RMS,911,Brake,High,2255,2260,2256,1,False
RMS,912,Burst,Medium,2255,2260,2258,3,False
RMS,913,Brake,High,2260,2265,2261,1,False
RMS,914,Steering,High,2260,2270,2264,4,False
RMS,915,Engine,High,2260,2280,2269,9,False
RMS,916,Burst,Medium,2260,2265,2263,3,False
RMS,917,Brake,High,2265,2270,2266,1,False
RMS,918,Burst,Medium,2265,2270,2268,3,False
RMS,919,Brake,High,2270,2275,2271,1,False
RMS,920,Steering,High,2270,2280,2274,4,False
RMS,921,Burst,Medium,2270,2275,2273,3,False
RMS,922,Brake,High,2275,2280,2276,1,False
RMS,923,Burst,Medium,2275,2280,2278,3,False
RMS,924,Brake,High,2280,2285,2281,1,False
RMS,925,Steering,High,2280,2290,2284,4,False
RMS,926,Engine,High,2280,2300,2289,9,False
RMS,927,Burst,Medium,2280,2285,2283,3,False
RMS,928,Brake,High,2285,2290,2286,1,False
RMS,929,Burst,Medium,2285,2290,2288,3,False
RMS,930,Brake,High,2290,2295,2291,1,False
RMS,931,Steering,High,2290,2300,2294,4,False
RMS,932,Burst,Medium,2290,2295,2293,3,False
RMS,933,Brake,High,2295,2300,2296,1,False
RMS,934,Burst,Medium,2295,2300,2298,3,False
RMS,935,Brake,High,2300,2305,2301,1,False
RMS,936,Steering,High,2300,2310,2304,4,False
RMS,937,Engine,High,2300,2320,2309,9,False
RMS,938,Sensor,Medium,2300,2350,2330,30,False
RMS,939,Diagnostics,Low,2300,2400,2569,269,True
RMS,940,Burst,Medium,2300,2305,2303,3,False
RMS,941,Brake,High,2305,2310,2306,1,False
RMS,942,Burst,Medium,2305,2310,2308,3,False
RMS,943,Brake,High,2310,2315,2311,1,False
RMS,944,Steering,High,2310,2320,2314,4,False
RMS,945,Burst,Medium,2310,2315,2313,3,False
RMS,946,Brake,High,2315,2320,2316,1,False
RMS,947,Burst,Medium,2315,2320,2318,3,False
RMS,948,Brake,High,2320,2325,2321,1,False
RMS,949,Steering,High,2320,2330,2324,4,False
RMS,950,Engine,High,2320,2340,2329,9,False
RMS,951,Burst,Medium,2320,2325,2323,3,False
RMS,952,Brake,High,2325,2330,2326,1,False
RMS,953,Burst,Medium,2325,2330,2328,3,False
RMS,954,Brake,High,2330,2335,2331,1,False
RMS,955,Steering,High,2330,2340,2334,4,False
RMS,956,Burst,Medium,2330,2335,2333,3,False
RMS,957,Brake,High,2335,2340,2336,1,False
RMS,958,Burst,Medium,2335,2340,2338,3,False
RMS,959,Brake,High,2340,2345,2341,1,False
RMS,960,Steering,High,2340,2350,2344,4,False
RMS,961,Engine,High,2340,2360,2349,9,False
RMS,962,Burst,Medium,2340,2345,2343,3,False
RMS,963,Brake,High,2345,2350,2346,1,False
RMS,964,Burst,Medium,2345,2350,2348,3,False
RMS,965,Brake,High,2350,2355,2351,1,False
RMS,966,Steering,High,2350,2360,2354,4,False
RMS,967,Sensor,Medium,2350,2400,2375,25,False
RMS,968,Burst,Medium,2350,2355,2353,3,False
RMS,969,Brake,High,2355,2360,2356,1,False
RMS,970,Burst,Medium,2355,2360,2358,3,False
RMS,971,Brake,High,2360,2365,2361,1,False
RMS,972,Steering,High,2360,2370,2364,4,False
RMS,973,Engine,High,2360,2380,2369,9,False
RMS,974,Burst,Medium,2360,2365,2363,3,False
RMS,975,Brake,High,2365,2370,2366,1,False
RMS,976,Burst,Medium,2365,2370,2368,3,False
RMS,977,Brake,High,2370,2375,2371,1,False
RMS,978,Steering,High,2370,2380,2374,4,False
RMS,979,Burst,Medium,2370,2375,2373,3,False
RMS,980,Brake,High,2375,2380,2376,1,False
RMS,981,Burst,Medium,2375,2380,2378,3,False
RMS,982,Brake,High,2380,2385,2381,1,False
RMS,983,Steering,High,2380,2390,2384,4,False
RMS,984,Engine,High,2380,2400,2389,9,False
RMS,985,Burst,Medium,2380,2385,2383,3,False
RMS,986,Brake,High,2385,2390,2386,1,False
RMS,987,Burst,Medium,2385,2390,2388,3,False
RMS,988,Brake,High,2390,2395,2391,1,False
RMS,989,Steering,High,2390,2400,2394,4,False
RMS,990,Burst,Medium,2390,2395,2393,3,False
RMS,991,Brake,High,2395,2400,2396,1,False
RMS,992,Burst,Medium,2395,2400,2398,3,False
RMS,993,Brake,High,2400,2405,2401,1,False
RMS,994,Steering,High,2400,2410,2404,4,False
RMS,995,Engine,High,2400,2420,2409,9,False
RMS,996,Sensor,Medium,2400,2450,2430,30,False
RMS,997,Diagnostics,Low,2400,2500,2600,200,True
RMS,998,Burst,Medium,2400,2405,2403,3,False
RMS,999,Brake,High,2405,2410,2406,1,False
RMS,1000,Burst,Medium,2405,2410,2408,3,False
RMS,1001,Brake,High,2410,2415,2411,1,False
RMS,1002,Steering,High,2410,2420,2414,4,False
RMS,1003,Burst,Medium,2410,2415,2413,3,False
RMS,1004,Brake,High,2415,2420,2416,1,False
RMS,1005,Burst,Medium,2415,2420,2418,3,False
RMS,1006,Brake,High,2420,2425,2421,1,False
RMS,1007,Steering,High,2420,2430,2424,4,False
RMS,1008,Engine,High,2420,2440,2429,9,False
RMS,1009,Burst,Medium,2420,2425,2423,3,False
RMS,1010,Brake,High,2425,2430,2426,1,False
RMS,1011,Burst,Medium,2425,2430,2428,3,False
RMS,1012,Brake,High,2430,2435,2431,1,False
RMS,1013,Steering,High,2430,2440,2434,4,False
RMS,1014,Burst,Medium,2430,2435,2433,3,False
RMS,1015,Brake,High,2435,2440,2436,1,False
RMS,1016,Burst,Medium,2435,2440,2438,3,False
RMS,1017,Brake,High,2440,2445,2441,1,False
RMS,1018,Steering,High,2440,2450,2444,4,False
RMS,1019,Engine,High,2440,2460,2449,9,False
RMS,1020,Burst,Medium,2440,2445,2443,3,False
RMS,1021,Brake,High,2445,2450,2446,1,False
RMS,1022,Burst,Medium,2445,2450,2448,3,False
RMS,1023,Brake,High,2450,2455,2451,1,False
RMS,1024,Steering,High,2450,2460,2454,4,False
RMS,1025,Sensor,Medium,2450,2500,2475,25,False
RMS,1026,Burst,Medium,2450,2455,2453,3,False
RMS,1027,Brake,High,2455,2460,2456,1,False
RMS,1028,Burst,Medium,2455,2460,2458,3,False
RMS,1029,Brake,High,2460,2465,2461,1,False
RMS,1030,Steering,High,2460,2470,2464,4,False
RMS,1031,Engine,High,2460,2480,2469,9,False
RMS,1032,Burst,Medium,2460,2465,2463,3,False
RMS,1033,Brake,High,2465,2470,2466,1,False
RMS,1034,Burst,Medium,2465,2470,2468,3,False
RMS,1035,Brake,High,2470,2475,2471,1,False
RMS,1036,Steering,High,2470,2480,2474,4,False
RMS,1037,Burst,Medium,2470,2475,2473,3,False
RMS,1038,Brake,High,2475,2480,2476,1,False
RMS,1039,Burst,Medium,2475,2480,2478,3,False
RMS,1040,Brake,High,2480,2485,2481,1,False
RMS,1041,Steering,High,2480,2490,2484,4,False
RMS,1042,Engine,High,2480,2500,2489,9,False
RMS,1043,Burst,Medium,2480,2485,2483,3,False
RMS,1044,Brake,High,2485,2490,2486,1,False
RMS,1045,Burst,Medium,2485,2490,2488,3,False
RMS,1046,Brake,High,2490,2495,2491,1,False
RMS,1047,Steering,High,2490,2500,2494,4,False
RMS,1048,Burst,Medium,2490,2495,2493,3,False
RMS,1049,Brake,High,2495,2500,2496,1,False
RMS,1050,Burst,Medium,2495,2500,2498,3,False
RMS,1051,Brake,High,2500,2505,2501,1,False
RMS,1052,Steering,High,2500,2510,2502,2,False
RMS,1053,Engine,High,2500,2520,2504,4,False
RMS,1054,Sensor,Medium,2500,2550,2510,10,False
RMS,1055,Diagnostics,Low,2500,2600,2645,145,True
RMS,1056,Brake,High,2505,2510,2506,1,False
RMS,1057,Brake,High,2510,2515,2511,1,False
RMS,1058,Steering,High,2510,2520,2512,2,False
RMS,1059,Brake,High,2515,2520,2516,1,False
RMS,1060,Brake,High,2520,2525,2521,1,False
RMS,1061,Steering,High,2520,2530,2522,2,False
RMS,1062,Engine,High,2520,2540,2524,4,False
RMS,1063,Brake,High,2525,2530,2526,1,False
RMS,1064,Brake,High,2530,2535,2531,1,False
RMS,1065,Steering,High,2530,2540,2532,2,False
RMS,1066,Brake,High,2535,2540,2536,1,False
RMS,1067,Brake,High,2540,2545,2541,1,False
RMS,1068,Steering,High,2540,2550,2542,2,False
RMS,1069,Engine,High,2540,2560,2544,4,False
RMS,1070,Brake,High,2545,2550,2546,1,False
RMS,1071,Brake,High,2550,2555,2551,1,False
RMS,1072,Steering,High,2550,2560,2552,2,False
RMS,1073,Sensor,Medium,2550,2600,2558,8,False
RMS,1074,Brake,High,2555,2560,2556,1,False
RMS,1075,Brake,High,2560,2565,2561,1,False
RMS,1076,Steering,High,2560,2570,2562,2,False
RMS,1077,Engine,High,2560,2580,2564,4,False
RMS,1078,Brake,High,2565,2570,2566,1,False
RMS,1079,Brake,High,2570,2575,2571,1,False
RMS,1080,Steering,High,2570,2580,2572,2,False
RMS,1081,Brake,High,2575,2580,2576,1,False
RMS,1082,Brake,High,2580,2585,2581,1,False
RMS,1083,Steering,High,2580,2590,2582,2,False
RMS,1084,Engine,High,2580,2600,2584,4,False
RMS,1085,Brake,High,2585,2590,2586,1,False
RMS,1086,Brake,High,2590,2595,2591,1,False
RMS,1087,Steering,High,2590,2600,2592,2,False
RMS,1088,Brake,High,2595,2600,2596,1,False
RMS,1089,Brake,High,2600,2605,2601,1,False
RMS,1090,Steering,High,2600,2610,2602,2,False
RMS,1091,Engine,High,2600,2620,2604,4,False
RMS,1092,Sensor,Medium,2600,2650,2610,10,False
RMS,1093,Diagnostics,Low,2600,2700,2687,87,False
RMS,1094,Brake,High,2605,2610,2606,1,False
RMS,1095,Brake,High,2610,2615,2611,1,False
RMS,1096,Steering,High,2610,2620,2612,2,False
RMS,1097,Brake,High,2615,2620,2616,1,False
RMS,1098,Brake,High,2620,2625,2621,1,False
RMS,1099,Steering,High,2620,2630,2622,2,False
RMS,1100,Engine,High,2620,2640,2624,4,False
RMS,1101,Brake,High,2625,2630,2626,1,False
RMS,1102,Brake,High,2630,2635,2631,1,False
RMS,1103,Steering,High,2630,2640,2632,2,False
RMS,1104,Brake,High,2635,2640,2636,1,False
RMS,1105,Brake,High,2640,2645,2641,1,False
RMS,1106,Steering,High,2640,2650,2642,2,False
RMS,1107,Engine,High,2640,2660,2644,4,False
RMS,1108,Brake,High,2645,2650,2646,1,False
RMS,1109,Brake,High,2650,2655,2651,1,False
RMS,1110,Steering,High,2650,2660,2652,2,False
RMS,1111,Sensor,Medium,2650,2700,2658,8,False
RMS,1112,Brake,High,2655,2660,2656,1,False
RMS,1113,Brake,High,2660,2665,2661,1,False
RMS,1114,Steering,High,2660,2670,2662,2,False
RMS,1115,Engine,High,2660,2680,2664,4,False
RMS,1116,Brake,High,2665,2670,2666,1,False
RMS,1117,Brake,High,2670,2675,2671,1,False
RMS,1118,Steering,High,2670,2680,2672,2,False
RMS,1119,Brake,High,2675,2680,2676,1,False
RMS,1120,Brake,High,2680,2685,2681,1,False
RMS,1121,Steering,High,2680,2690,2682,2,False
RMS,1122,Engine,High,2680,2700,2684,4,False
RMS,1123,Brake,High,2685,2690,2686,1,False
RMS,1124,Brake,High,2690,2695,2691,1,False
RMS,1125,Steering,High,2690,2700,2692,2,False
RMS,1126,Brake,High,2695,2700,2696,1,False
RMS,1127,Brake,High,2700,2705,2701,1,False
RMS,1128,Steering,High,2700,2710,2702,2,False
RMS,1129,Engine,High,2700,2720,2704,4,False
RMS,1130,Sensor,Medium,2700,2750,2710,10,False
RMS,1131,Diagnostics,Low,2700,2800,2745,45,False
RMS,1132,Brake,High,2705,2710,2706,1,False
RMS,1133,Brake,High,2710,2715,2711,1,False
RMS,1134,Steering,High,2710,2720,2712,2,False
RMS,1135,Brake,High,2715,2720,2716,1,False
RMS,1136,Brake,High,2720,2725,2721,1,False
RMS,1137,Steering,High,2720,2730,2722,2,False
RMS,1138,Engine,High,2720,2740,2724,4,False
RMS,1139,Brake,High,2725,2730,2726,1,False
RMS,1140,Brake,High,2730,2735,2731,1,False
RMS,1141,Steering,High,2730,2740,2732,2,False
RMS,1142,Brake,High,2735,2740,2736,1,False
RMS,1143,Brake,High,2740,2745,2741,1,False
RMS,1144,Steering,High,2740,2750,2742,2,False
RMS,1145,Engine,High,2740,2760,2744,4,False
RMS,1146,Brake,High,2745,2750,2746,1,False
RMS,1147,Brake,High,2750,2755,2751,1,False
RMS,1148,Steering,High,2750,2760,2752,2,False
RMS,1149,Sensor,Medium,2750,2800,2758,8,False
RMS,1150,Brake,High,2755,2760,2756,1,False
RMS,1151,Brake,High,2760,2765,2761,1,False
RMS,1152,Steering,High,2760,2770,2762,2,False
RMS,1153,Engine,High,2760,2780,2764,4,False
RMS,1154,Brake,High,2765,2770,2766,1,False
RMS,1155,Brake,High,2770,2775,2771,1,False
RMS,1156,Steering,High,2770,2780,2772,2,False
RMS,1157,Brake,High,2775,2780,2776,1,False
RMS,1158,Brake,High,2780,2785,2781,1,False
RMS,1159,Steering,High,2780,2790,2782,2,False
RMS,1160,Engine,High,2780,2800,2784,4,False
RMS,1161,Brake,High,2785,2790,2786,1,False
RMS,1162,Brake,High,2790,2795,2791,1,False
RMS,1163,Steering,High,2790,2800,2792,2,False
RMS,1164,Brake,High,2795,2800,2796,1,False
RMS,1165,Brake,High,2800,2805,2801,1,False
RMS,1166,Steering,High,2800,2810,2802,2,False
RMS,1167,Engine,High,2800,2820,2804,4,False
RMS,1168,Sensor,Medium,2800,2850,2810,10,False
RMS,1169,Diagnostics,Low,2800,2900,2845,45,False
RMS,1170,Brake,High,2805,2810,2806,1,False
RMS,1171,Brake,High,2810,2815,2811,1,False
RMS,1172,Steering,High,2810,2820,2812,2,False
RMS,1173,Brake,High,2815,2820,2816,1,False
RMS,1174,Brake,High,2820,2825,2821,1,False
RMS,1175,Steering,High,2820,2830,2822,2,False
RMS,1176,Engine,High,2820,2840,2824,4,False
RMS,1177,Brake,High,2825,2830,2826,1,False
RMS,1178,Brake,High,2830,2835,2831,1,False
RMS,1179,Steering,High,2830,2840,2832,2,False
RMS,1180,Brake,High,2835,2840,2836,1,False
RMS,1181,Brake,High,2840,2845,2841,1,False
RMS,1182,Steering,High,2840,2850,2842,2,False
RMS,1183,Engine,High,2840,2860,2844,4,False
RMS,1184,Brake,High,2845,2850,2846,1,False
RMS,1185,Brake,High,2850,2855,2851,1,False
RMS,1186,Steering,High,2850,2860,2852,2,False
RMS,1187,Sensor,Medium,2850,2900,2858,8,False
RMS,1188,Brake,High,2855,2860,2856,1,False
RMS,1189,Brake,High,2860,2865,2861,1,False
RMS,1190,Steering,High,2860,2870,2862,2,False
RMS,1191,Engine,High,2860,2880,2864,4,False
RMS,1192,Brake,High,2865,2870,2866,1,False
RMS,1193,Brake,High,2870,2875,2871,1,False
RMS,1194,Steering,High,2870,2880,2872,2,False
RMS,1195,Brake,High,2875,2880,2876,1,False
RMS,1196,Brake,High,2880,2885,2881,1,False
RMS,1197,Steering,High,2880,2890,2882,2,False
RMS,1198,Engine,High,2880,2900,2884,4,False
RMS,1199,Brake,High,2885,2890,2886,1,False
RMS,1200,Brake,High,2890,2895,2891,1,False
RMS,1201,Steering,High,2890,2900,2892,2,False
RMS,1202,Brake,High,2895,2900,2896,1,False
RMS,1203,Brake,High,2900,2905,2901,1,False
RMS,1204,Steering,High,2900,2910,2902,2,False
RMS,1205,Engine,High,2900,2920,2904,4,False
RMS,1206,Sensor,Medium,2900,2950,2910,10,False
RMS,1207,Diagnostics,Low,2900,3000,2945,45,False
RMS,1208,Brake,High,2905,2910,2906,1,False
RMS,1209,Brake,High,2910,2915,2911,1,False
RMS,1210,Steering,High,2910,2920,2912,2,False
RMS,1211,Brake,High,2915,2920,2916,1,False
RMS,1212,Brake,High,2920,2925,2921,1,False
RMS,1213,Steering,High,2920,2930,2922,2,False
RMS,1214,Engine,High,2920,2940,2924,4,False
RMS,1215,Brake,High,2925,2930,2926,1,False
RMS,1216,Brake,High,2930,2935,2931,1,False
RMS,1217,Steering,High,2930,2940,2932,2,False
RMS,1218,Brake,High,2935,2940,2936,1,False
RMS,1219,Brake,High,2940,2945,2941,1,False
RMS,1220,Steering,High,2940,2950,2942,2,False
RMS,1221,Engine,High,2940,2960,2944,4,False
RMS,1222,Brake,High,2945,2950,2946,1,False
RMS,1223,Brake,High,2950,2955,2951,1,False
RMS,1224,Steering,High,2950,2960,2952,2,False
RMS,1225,Sensor,Medium,2950,3000,2958,8,False
RMS,1226,Brake,High,2955,2960,2956,1,False
RMS,1227,Brake,High,2960,2965,2961,1,False
RMS,1228,Steering,High,2960,2970,2962,2,False
RMS,1229,Engine,High,2960,2980,2964,4,False
RMS,1230,Brake,High,2965,2970,2966,1,False
RMS,1231,Brake,High,2970,2975,2971,1,False
RMS,1232,Steering,High,2970,2980,2972,2,False
RMS,1233,Brake,High,2975,2980,2976,1,False
RMS,1234,Brake,High,2980,2985,2981,1,False
RMS,1235,Steering,High,2980,2990,2982,2,False
RMS,1236,Engine,High,2980,3000,2984,4,False
RMS,1237,Brake,High,2985,2990,2986,1,False
RMS,1238,Brake,High,2990,2995,2991,1,False
RMS,1239,Steering,High,2990,3000,2992,2,False
RMS,1240,Brake,High,2995,3000,2996,1,False
RMS,1241,Brake,High,3000,3005,3001,1,False
RMS,1242,Steering,High,3000,3010,3002,2,False
RMS,1243,Engine,High,3000,3020,3004,4,False
RMS,1244,Sensor,Medium,3000,3050,3010,10,False
RMS,1245,Diagnostics,Low,3000,3100,3045,45,False
RMS,1246,Brake,High,3005,3010,3006,1,False
RMS,1247,Brake,High,3010,3015,3011,1,False
RMS,1248,Steering,High,3010,3020,3012,2,False
RMS,1249,Brake,High,3015,3020,3016,1,False
RMS,1250,Brake,High,3020,3025,3021,1,False
RMS,1251,Steering,High,3020,3030,3022,2,False
RMS,1252,Engine,High,3020,3040,3024,4,False
RMS,1253,Brake,High,3025,3030,3026,1,False
RMS,1254,Brake,High,3030,3035,3031,1,False
RMS,1255,Steering,High,3030,3040,3032,2,False
RMS,1256,Brake,High,3035,3040,3036,1,False
RMS,1257,Brake,High,3040,3045,3041,1,False
RMS,1258,Steering,High,3040,3050,3042,2,False
RMS,1259,Engine,High,3040,3060,3044,4,False
RMS,1260,Brake,High,3045,3050,3046,1,False
RMS,1261,Brake,High,3050,3055,3051,1,False
RMS,1262,Steering,High,3050,3060,3052,2,False
RMS,1263,Sensor,Medium,3050,3100,3058,8,False
RMS,1264,Brake,High,3055,3060,3056,1,False
RMS,1265,Brake,High,3060,3065,3061,1,False
RMS,1266,Steering,High,3060,3070,3062,2,False
RMS,1267,Engine,High,3060,3080,3064,4,False
RMS,1268,Brake,High,3065,3070,3066,1,False
RMS,1269,Brake,High,3070,3075,3071,1,False
RMS,1270,Steering,High,3070,3080,3072,2,False
RMS,1271,Brake,High,3075,3080,3076,1,False
RMS,1272,Brake,High,3080,3085,3081,1,False
RMS,1273,Steering,High,3080,3090,3082,2,False
RMS,1274,Engine,High,3080,3100,3084,4,False
RMS,1275,Brake,High,3085,3090,3086,1,False
RMS,1276,Brake,High,3090,3095,3091,1,False
RMS,1277,Steering,High,3090,3100,3092,2,False
RMS,1278,Brake,High,3095,3100,3096,1,False
RMS,1279,Brake,High,3100,3105,3101,1,False
RMS,1280,Steering,High,3100,3110,3102,2,False
RMS,1281,Engine,High,3100,3120,3104,4,False
RMS,1282,Sensor,Medium,3100,3150,3110,10,False
RMS,1283,Diagnostics,Low,3100,3200,3145,45,False
RMS,1284,Brake,High,3105,3110,3106,1,False
RMS,1285,Brake,High,3110,3115,3111,1,False
RMS,1286,Steering,High,3110,3120,3112,2,False
RMS,1287,Brake,High,3115,3120,3116,1,False
RMS,1288,Brake,High,3120,3125,3121,1,False
RMS,1289,Steering,High,3120,3130,3122,2,False
RMS,1290,Engine,High,3120,3140,3124,4,False
RMS,1291,Brake,High,3125,3130,3126,1,False
RMS,1292,Brake,High,3130,3135,3131,1,False
RMS,1293,Steering,High,3130,3140,3132,2,False
RMS,1294,Brake,High,3135,3140,3136,1,False
RMS,1295,Brake,High,3140,3145,3141,1,False
RMS,1296,Steering,High,3140,3150,3142,2,False
RMS,1297,Engine,High,3140,3160,3144,4,False
RMS,1298,Brake,High,3145,3150,3146,1,False
RMS,1299,Brake,High,3150,3155,3151,1,False
RMS,1300,Steering,High,3150,3160,3152,2,False
RMS,1301,Sensor,Medium,3150,3200,3158,8,False
RMS,1302,Brake,High,3155,3160,3156,1,False
RMS,1303,Brake,High,3160,3165,3161,1,False
RMS,1304,Steering,High,3160,3170,3162,2,False
RMS,1305,Engine,High,3160,3180,3164,4,False
RMS,1306,Brake,High,3165,3170,3166,1,False
RMS,1307,Brake,High,3170,3175,3171,1,False
RMS,1308,Steering,High,3170,3180,3172,2,False
RMS,1309,Brake,High,3175,3180,3176,1,False
RMS,1310,Brake,High,3180,3185,3181,1,False
RMS,1311,Steering,High,3180,3190,3182,2,False
RMS,1312,Engine,High,3180,3200,3184,4,False
RMS,1313,Brake,High,3185,3190,3186,1,False
RMS,1314,Brake,High,3190,3195,3191,1,False
RMS,1315,Steering,High,3190,3200,3192,2,False
RMS,1316,Brake,High,3195,3200,3196,1,False
RMS,1317,Brake,High,3200,3205,3201,1,False
RMS,1318,Steering,High,3200,3210,3202,2,False
RMS,1319,Engine,High,3200,3220,3204,4,False
RMS,1320,Sensor,Medium,3200,3250,3210,10,False
RMS,1321,Diagnostics,Low,3200,3300,3245,45,False
RMS,1322,Brake,High,3205,3210,3206,1,False
RMS,1323,Brake,High,3210,3215,3211,1,False
RMS,1324,Steering,High,3210,3220,3212,2,False
RMS,1325,Brake,High,3215,3220,3216,1,False
RMS,1326,Brake,High,3220,3225,3221,1,False
RMS,1327,Steering,High,3220,3230,3222,2,False
RMS,1328,Engine,High,3220,3240,3224,4,False
RMS,1329,Brake,High,3225,3230,3226,1,False
RMS,1330,Brake,High,3230,3235,3231,1,False
RMS,1331,Steering,High,3230,3240,3232,2,False
RMS,1332,Brake,High,3235,3240,3236,1,False
RMS,1333,Brake,High,3240,3245,3241,1,False
RMS,1334,Steering,High,3240,3250,3242,2,False
RMS,1335,Engine,High,3240,3260,3244,4,False
RMS,1336,Brake,High,3245,3250,3246,1,False
RMS,1337,Brake,High,3250,3255,3251,1,False
RMS,1338,Steering,High,3250,3260,3252,2,False
RMS,1339,Sensor,Medium,3250,3300,3258,8,False
RMS,1340,Brake,High,3255,3260,3256,1,False
RMS,1341,Brake,High,3260,3265,3261,1,False
RMS,1342,Steering,High,3260,3270,3262,2,False
RMS,1343,Engine,High,3260,3280,3264,4,False
RMS,1344,Brake,High,3265,3270,3266,1,False
RMS,1345,Brake,High,3270,3275,3271,1,False
RMS,1346,Steering,High,3270,3280,3272,2,False
RMS,1347,Brake,High,3275,3280,3276,1,False
RMS,1348,Brake,High,3280,3285,3281,1,False
RMS,1349,Steering,High,3280,3290,3282,2,False
RMS,1350,Engine,High,3280,3300,3284,4,False
RMS,1351,Brake,High,3285,3290,3286,1,False
RMS,1352,Brake,High,3290,3295,3291,1,False
RMS,1353,Steering,High,3290,3300,3292,2,False
RMS,1354,Brake,High,3295,3300,3296,1,False
RMS,1355,Brake,High,3300,3305,3301,1,False
RMS,1356,Steering,High,3300,3310,3302,2,False
RMS,1357,Engine,High,3300,3320,3304,4,False
RMS,1358,Sensor,Medium,3300,3350,3310,10,False
RMS,1359,Diagnostics,Low,3300,3400,3345,45,False
RMS,1360,Brake,High,3305,3310,3306,1,False
RMS,1361,Brake,High,3310,3315,3311,1,False
RMS,1362,Steering,High,3310,3320,3312,2,False
RMS,1363,Brake,High,3315,3320,3316,1,False
RMS,1364,Brake,High,3320,3325,3321,1,False
RMS,1365,Steering,High,3320,3330,3322,2,False
RMS,1366,Engine,High,3320,3340,3324,4,False
RMS,1367,Brake,High,3325,3330,3326,1,False
RMS,1368,Brake,High,3330,3335,3331,1,False
RMS,1369,Steering,High,3330,3340,3332,2,False
RMS,1370,Brake,High,3335,3340,3336,1,False
RMS,1371,Brake,High,3340,3345,3341,1,False
RMS,1372,Steering,High,3340,3350,3342,2,False
RMS,1373,Engine,High,3340,3360,3344,4,False
RMS,1374,Brake,High,3345,3350,3346,1,False
RMS,1375,Brake,High,3350,3355,3351,1,False
RMS,1376,Steering,High,3350,3360,3352,2,False
RMS,1377,Sensor,Medium,3350,3400,3358,8,False
RMS,1378,Brake,High,3355,3360,3356,1,False
RMS,1379,Brake,High,3360,3365,3361,1,False
RMS,1380,Steering,High,3360,3370,3362,2,False
RMS,1381,Engine,High,3360,3380,3364,4,False
RMS,1382,Brake,High,3365,3370,3366,1,False
RMS,1383,Brake,High,3370,3375,3371,1,False
RMS,1384,Steering,High,3370,3380,3372,2,False
RMS,1385,Brake,High,3375,3380,3376,1,False
RMS,1386,Brake,High,3380,3385,3381,1,False
RMS,1387,Steering,High,3380,3390,3382,2,False
RMS,1388,Engine,High,3380,3400,3384,4,False
RMS,1389,Brake,High,3385,3390,3386,1,False
RMS,1390,Brake,High,3390,3395,3391,1,False
RMS,1391,Steering,High,3390,3400,3392,2,False
RMS,1392,Brake,High,3395,3400,3396,1,False
RMS,1393,Brake,High,3400,3405,3401,1,False
RMS,1394,Steering,High,3400,3410,3402,2,False
RMS,1395,Engine,High,3400,3420,3404,4,False
RMS,1396,Sensor,Medium,3400,3450,3410,10,False
RMS,1397,Diagnostics,Low,3400,3500,3445,45,False
RMS,1398,Brake,High,3405,3410,3406,1,False
RMS,1399,Brake,High,3410,3415,3411,1,False
RMS,1400,Steering,High,3410,3420,3412,2,False
RMS,1401,Brake,High,3415,3420,3416,1,False
RMS,1402,Brake,High,3420,3425,3421,1,False
RMS,1403,Steering,High,3420,3430,3422,2,False
RMS,1404,Engine,High,3420,3440,3424,4,False
RMS,1405,Brake,High,3425,3430,3426,1,False
RMS,1406,Brake,High,3430,3435,3431,1,False
RMS,1407,Steering,High,3430,3440,3432,2,False
RMS,1408,Brake,High,3435,3440,3436,1,False
RMS,1409,Brake,High,3440,3445,3441,1,False
RMS,1410,Steering,High,3440,3450,3442,2,False
RMS,1411,Engine,High,3440,3460,3444,4,False
RMS,1412,Brake,High,3445,3450,3446,1,False
RMS,1413,Brake,High,3450,3455,3451,1,False
RMS,1414,Steering,High,3450,3460,3452,2,False
RMS,1415,Sensor,Medium,3450,3500,3458,8,False
RMS,1416,Brake,High,3455,3460,3456,1,False
RMS,1417,Brake,High,3460,3465,3461,1,False
RMS,1418,Steering,High,3460,3470,3462,2,False
RMS,1419,Engine,High,3460,3480,3464,4,False
RMS,1420,Brake,High,3465,3470,3466,1,False
RMS,1421,Brake,High,3470,3475,3471,1,False
RMS,1422,Steering,High,3470,3480,3472,2,False
RMS,1423,Brake,High,3475,3480,3476,1,False
RMS,1424,Brake,High,3480,3485,3481,1,False
RMS,1425,Steering,High,3480,3490,3482,2,False
RMS,1426,Engine,High,3480,3500,3484,4,False
RMS,1427,Brake,High,3485,3490,3486,1,False
RMS,1428,Brake,High,3490,3495,3491,1,False
RMS,1429,Steering,High,3490,3500,3492,2,False
RMS,1430,Brake,High,3495,3500,3496,1,False
RMS,1431,Brake,High,3500,3505,3501,1,False
RMS,1432,Steering,High,3500,3510,3502,2,False
RMS,1433,Engine,High,3500,3520,3504,4,False
RMS,1434,Sensor,Medium,3500,3550,3510,10,False
RMS,1435,Diagnostics,Low,3500,3600,3545,45,False
RMS,1436,Brake,High,3505,3510,3506,1,False
RMS,1437,Brake,High,3510,3515,3511,1,False
RMS,1438,Steering,High,3510,3520,3512,2,False
RMS,1439,Brake,High,3515,3520,3516,1,False
RMS,1440,Brake,High,3520,3525,3521,1,False
RMS,1441,Steering,High,3520,3530,3522,2,False
RMS,1442,Engine,High,3520,3540,3524,4,False
RMS,1443,Brake,High,3525,3530,3526,1,False
RMS,1444,Brake,High,3530,3535,3531,1,False
RMS,1445,Steering,High,3530,3540,3532,2,False
RMS,1446,Brake,High,3535,3540,3536,1,False
RMS,1447,Brake,High,3540,3545,3541,1,False
RMS,1448,Steering,High,3540,3550,3542,2,False
RMS,1449,Engine,High,3540,3560,3544,4,False
RMS,1450,Brake,High,3545,3550,3546,1,False
RMS,1451,Brake,High,3550,3555,3551,1,False
RMS,1452,Steering,High,3550,3560,3552,2,False
RMS,1453,Sensor,Medium,3550,3600,3558,8,False
RMS,1454,Brake,High,3555,3560,3556,1,False
RMS,1455,Brake,High,3560,3565,3561,1,False
RMS,1456,Steering,High,3560,3570,3562,2,False
RMS,1457,Engine,High,3560,3580,3564,4,False
RMS,1458,Brake,High,3565,3570,3566,1,False
RMS,1459,Brake,High,3570,3575,3571,1,False
RMS,1460,Steering,High,3570,3580,3572,2,False
RMS,1461,Brake,High,3575,3580,3576,1,False
RMS,1462,Brake,High,3580,3585,3581,1,False
RMS,1463,Steering,High,3580,3590,3582,2,False
RMS,1464,Engine,High,3580,3600,3584,4,False
RMS,1465,Brake,High,3585,3590,3586,1,False
RMS,1466,Brake,High,3590,3595,3591,1,False
RMS,1467,Steering,High,3590,3600,3592,2,False
RMS,1468,Brake,High,3595,3600,3596,1,False
RMS,1469,Brake,High,3600,3605,3601,1,False
RMS,1470,Steering,High,3600,3610,3602,2,False
RMS,1471,Engine,High,3600,3620,3604,4,False
RMS,1472,Sensor,Medium,3600,3650,3610,10,False
RMS,1473,Diagnostics,Low,3600,3700,3645,45,False
RMS,1474,Brake,High,3605,3610,3606,1,False
RMS,1475,Brake,High,3610,3615,3611,1,False
RMS,1476,Steering,High,3610,3620,3612,2,False
RMS,1477,Brake,High,3615,3620,3616,1,False
RMS,1478,Brake,High,3620,3625,3621,1,False
RMS,1479,Steering,High,3620,3630,3622,2,False
RMS,1480,Engine,High,3620,3640,3624,4,False
RMS,1481,Brake,High,3625,3630,3626,1,False
RMS,1482,Brake,High,3630,3635,3631,1,False
RMS,1483,Steering,High,3630,3640,3632,2,False
RMS,1484,Brake,High,3635,3640,3636,1,False
RMS,1485,Brake,High,3640,3645,3641,1,False
RMS,1486,Steering,High,3640,3650,3642,2,False
RMS,1487,Engine,High,3640,3660,3644,4,False
RMS,1488,Brake,High,3645,3650,3646,1,False
RMS,1489,Brake,High,3650,3655,3651,1,False
RMS,1490,Steering,High,3650,3660,3652,2,False
RMS,1491,Sensor,Medium,3650,3700,3658,8,False
RMS,1492,Brake,High,3655,3660,3656,1,False
RMS,1493,Brake,High,3660,3665,3661,1,False
RMS,1494,Steering,High,3660,3670,3662,2,False
RMS,1495,Engine,High,3660,3680,3664,4,False
RMS,1496,Brake,High,3665,3670,3666,1,False
RMS,1497,Brake,High,3670,3675,3671,1,False
RMS,1498,Steering,High,3670,3680,3672,2,False
RMS,1499,Brake,High,3675,3680,3676,1,False
RMS,1500,Brake,High,3680,3685,3681,1,False
RMS,1501,Steering,High,3680,3690,3682,2,False
RMS,1502,Engine,High,3680,3700,3684,4,False
RMS,1503,Brake,High,3685,3690,3686,1,False
RMS,1504,Brake,High,3690,3695,3691,1,False
RMS,1505,Steering,High,3690,3700,3692,2,False
RMS,1506,Brake,High,3695,3700,3696,1,False
RMS,1507,Brake,High,3700,3705,3701,1,False
RMS,1508,Steering,High,3700,3710,3702,2,False
RMS,1509,Engine,High,3700,3720,3704,4,False
RMS,1510,Sensor,Medium,3700,3750,3710,10,False
RMS,1511,Diagnostics,Low,3700,3800,3745,45,False
RMS,1512,Brake,High,3705,3710,3706,1,False
RMS,1513,Brake,High,3710,3715,3711,1,False
RMS,1514,Steering,High,3710,3720,3712,2,False
RMS,1515,Brake,High,3715,3720,3716,1,False
RMS,1516,Brake,High,3720,3725,3721,1,False
RMS,1517,Steering,High,3720,3730,3722,2,False
RMS,1518,Engine,High,3720,3740,3724,4,False
RMS,1519,Brake,High,3725,3730,3726,1,False
RMS,1520,Brake,High,3730,3735,3731,1,False
RMS,1521,Steering,High,3730,3740,3732,2,False
RMS,1522,Brake,High,3735,3740,3736,1,False
RMS,1523,Brake,High,3740,3745,3741,1,False
RMS,1524,Steering,High,3740,3750,3742,2,False
RMS,1525,Engine,High,3740,3760,3744,4,False
RMS,1526,Brake,High,3745,3750,3746,1,False
RMS,1527,Brake,High,3750,3755,3751,1,False
RMS,1528,Steering,High,3750,3760,3752,2,False
RMS,1529,Sensor,Medium,3750,3800,3758,8,False
RMS,1530,Brake,High,3755,3760,3756,1,False
RMS,1531,Brake,High,3760,3765,3761,1,False
RMS,1532,Steering,High,3760,3770,3762,2,False
RMS,1533,Engine,High,3760,3780,3764,4,False
RMS,1534,Brake,High,3765,3770,3766,1,False
RMS,1535,Brake,High,3770,3775,3771,1,False
RMS,1536,Steering,High,3770,3780,3772,2,False
RMS,1537,Brake,High,3775,3780,3776,1,False
RMS,1538,Brake,High,3780,3785,3781,1,False
RMS,1539,Steering,High,3780,3790,3782,2,False
RMS,1540,Engine,High,3780,3800,3784,4,False
RMS,1541,Brake,High,3785,3790,3786,1,False
RMS,1542,Brake,High,3790,3795,3791,1,False
RMS,1543,Steering,High,3790,3800,3792,2,False
RMS,1544,Brake,High,3795,3800,3796,1,False
RMS,1545,Brake,High,3800,3805,3801,1,False
RMS,1546,Steering,High,3800,3810,3802,2,False
RMS,1547,Engine,High,3800,3820,3804,4,False
RMS,1548,Sensor,Medium,3800,3850,3810,10,False
RMS,1549,Diagnostics,Low,3800,3900,3845,45,False
RMS,1550,Brake,High,3805,3810,3806,1,False
RMS,1551,Brake,High,3810,3815,3811,1,False
RMS,1552,Steering,High,3810,3820,3812,2,False
RMS,1553,Brake,High,3815,3820,3816,1,False
RMS,1554,Brake,High,3820,3825,3821,1,False
RMS,1555,Steering,High,3820,3830,3822,2,False
RMS,1556,Engine,High,3820,3840,3824,4,False
RMS,1557,Brake,High,3825,3830,3826,1,False
RMS,1558,Brake,High,3830,3835,3831,1,False
RMS,1559,Steering,High,3830,3840,3832,2,False
RMS,1560,Brake,High,3835,3840,3836,1,False
RMS,1561,Brake,High,3840,3845,3841,1,False
RMS,1562,Steering,High,3840,3850,3842,2,False
RMS,1563,Engine,High,3840,3860,3844,4,False
RMS,1564,Brake,High,3845,3850,3846,1,False
RMS,1565,Brake,High,3850,3855,3851,1,False
RMS,1566,Steering,High,3850,3860,3852,2,False
RMS,1567,Sensor,Medium,3850,3900,3858,8,False
RMS,1568,Brake,High,3855,3860,3856,1,False
RMS,1569,Brake,High,3860,3865,3861,1,False
RMS,1570,Steering,High,3860,3870,3862,2,False
RMS,1571,Engine,High,3860,3880,3864,4,False
RMS,1572,Brake,High,3865,3870,3866,1,False
RMS,1573,Brake,High,3870,3875,3871,1,False
RMS,1574,Steering,High,3870,3880,3872,2,False
RMS,1575,Brake,High,3875,3880,3876,1,False
RMS,1576,Brake,High,3880,3885,3881,1,False
RMS,1577,Steering,High,3880,3890,3882,2,False
RMS,1578,Engine,High,3880,3900,3884,4,False
RMS,1579,Brake,High,3885,3890,3886,1,False
RMS,1580,Brake,High,3890,3895,3891,1,False
RMS,1581,Steering,High,3890,3900,3892,2,False
RMS,1582,Brake,High,3895,3900,3896,1,False
RMS,1583,Brake,High,3900,3905,3901,1,False
RMS,1584,Steering,High,3900,3910,3902,2,False
RMS,1585,Engine,High,3900,3920,3904,4,False
RMS,1586,Sensor,Medium,3900,3950,3910,10,False
RMS,1587,Diagnostics,Low,3900,4000,3945,45,False
RMS,1588,Brake,High,3905,3910,3906,1,False
RMS,1589,Brake,High,3910,3915,3911,1,False
RMS,1590,Steering,High,3910,3920,3912,2,False
RMS,1591,Brake,High,3915,3920,3916,1,False
RMS,1592,Brake,High,3920,3925,3921,1,False
RMS,1593,Steering,High,3920,3930,3922,2,False
RMS,1594,Engine,High,3920,3940,3924,4,False
RMS,1595,Brake,High,3925,3930,3926,1,False
RMS,1596,Brake,High,3930,3935,3931,1,False
RMS,1597,Steering,High,3930,3940,3932,2,False
RMS,1598,Brake,High,3935,3940,3936,1,False
RMS,1599,Brake,High,3940,3945,3941,1,False
RMS,1600,Steering,High,3940,3950,3942,2,False
RMS,1601,Engine,High,3940,3960,3944,4,False
RMS,1602,Brake,High,3945,3950,3946,1,False
RMS,1603,Brake,High,3950,3955,3951,1,False
RMS,1604,Steering,High,3950,3960,3952,2,False
RMS,1605,Sensor,Medium,3950,4000,3958,8,False
RMS,1606,Brake,High,3955,3960,3956,1,False
RMS,1607,Brake,High,3960,3965,3961,1,False
RMS,1608,Steering,High,3960,3970,3962,2,False
RMS,1609,Engine,High,3960,3980,3964,4,False
RMS,1610,Brake,High,3965,3970,3966,1,False
RMS,1611,Brake,High,3970,3975,3971,1,False
RMS,1612,Steering,High,3970,3980,3972,2,False
RMS,1613,Brake,High,3975,3980,3976,1,False
RMS,1614,Brake,High,3980,3985,3981,1,False
RMS,1615,Steering,High,3980,3990,3982,2,False
RMS,1616,Engine,High,3980,4000,3984,4,False
RMS,1617,Brake,High,3985,3990,3986,1,False
RMS,1618,Brake,High,3990,3995,3991,1,False
RMS,1619,Steering,High,3990,4000,3992,2,False
RMS,1620,Brake,High,3995,4000,3996,1,False
RMS,1621,Brake,High,4000,4005,4001,1,False
RMS,1622,Steering,High,4000,4010,4002,2,False
RMS,1623,Engine,High,4000,4020,4004,4,False
RMS,1624,Sensor,Medium,4000,4050,4010,10,False
RMS,1625,Diagnostics,Low,4000,4100,4045,45,False
RMS,1626,Brake,High,4005,4010,4006,1,False
RMS,1627,Brake,High,4010,4015,4011,1,False
RMS,1628,Steering,High,4010,4020,4012,2,False
RMS,1629,Brake,High,4015,4020,4016,1,False
RMS,1630,Brake,High,4020,4025,4021,1,False
RMS,1631,Steering,High,4020,4030,4022,2,False
RMS,1632,Engine,High,4020,4040,4024,4,False
RMS,1633,Brake,High,4025,4030,4026,1,False
RMS,1634,Brake,High,4030,4035,4031,1,False
RMS,1635,Steering,High,4030,4040,4032,2,False
RMS,1636,Brake,High,4035,4040,4036,1,False
RMS,1637,Brake,High,4040,4045,4041,1,False
RMS,1638,Steering,High,4040,4050,4042,2,False
RMS,1639,Engine,High,4040,4060,4044,4,False
RMS,1640,Brake,High,4045,4050,4046,1,False
RMS,1641,Brake,High,4050,4055,4051,1,False
RMS,1642,Steering,High,4050,4060,4052,2,False
RMS,1643,Sensor,Medium,4050,4100,4058,8,False
RMS,1644,Brake,High,4055,4060,4056,1,False
RMS,1645,Brake,High,4060,4065,4061,1,False
RMS,1646,Steering,High,4060,4070,4062,2,False
RMS,1647,Engine,High,4060,4080,4064,4,False
RMS,1648,Brake,High,4065,4070,4066,1,False
RMS,1649,Brake,High,4070,4075,4071,1,False
RMS,1650,Steering,High,4070,4080,4072,2,False
RMS,1651,Brake,High,4075,4080,4076,1,False
RMS,1652,Brake,High,4080,4085,4081,1,False
RMS,1653,Steering,High,4080,4090,4082,2,False
RMS,1654,Engine,High,4080,4100,4084,4,False
RMS,1655,Brake,High,4085,4090,4086,1,False
RMS,1656,Brake,High,4090,4095,4091,1,False
RMS,1657,Steering,High,4090,4100,4092,2,False
RMS,1658,Brake,High,4095,4100,4096,1,False
RMS,1659,Brake,High,4100,4105,4101,1,False
RMS,1660,Steering,High,4100,4110,4102,2,False
RMS,1661,Engine,High,4100,4120,4104,4,False
RMS,1662,Sensor,Medium,4100,4150,4110,10,False
RMS,1663,Diagnostics,Low,4100,4200,4145,45,False
RMS,1664,Brake,High,4105,4110,4106,1,False
RMS,1665,Brake,High,4110,4115,4111,1,False
RMS,1666,Steering,High,4110,4120,4112,2,False
RMS,1667,Brake,High,4115,4120,4116,1,False
RMS,1668,Brake,High,4120,4125,4121,1,False
RMS,1669,Steering,High,4120,4130,4122,2,False
RMS,1670,Engine,High,4120,4140,4124,4,False
RMS,1671,Brake,High,4125,4130,4126,1,False
RMS,1672,Brake,High,4130,4135,4131,1,False
RMS,1673,Steering,High,4130,4140,4132,2,False
RMS,1674,Brake,High,4135,4140,4136,1,False
RMS,1675,Brake,High,4140,4145,4141,1,False
RMS,1676,Steering,High,4140,4150,4142,2,False
RMS,1677,Engine,High,4140,4160,4144,4,False
RMS,1678,Brake,High,4145,4150,4146,1,False
RMS,1679,Brake,High,4150,4155,4151,1,False
RMS,1680,Steering,High,4150,4160,4152,2,False
RMS,1681,Sensor,Medium,4150,4200,4158,8,False
RMS,1682,Brake,High,4155,4160,4156,1,False
RMS,1683,Brake,High,4160,4165,4161,1,False
RMS,1684,Steering,High,4160,4170,4162,2,False
RMS,1685,Engine,High,4160,4180,4164,4,False
RMS,1686,Brake,High,4165,4170,4166,1,False
RMS,1687,Brake,High,4170,4175,4171,1,False
RMS,1688,Steering,High,4170,4180,4172,2,False
RMS,1689,Brake,High,4175,4180,4176,1,False
RMS,1690,Brake,High,4180,4185,4181,1,False
RMS,1691,Steering,High,4180,4190,4182,2,False
RMS,1692,Engine,High,4180,4200,4184,4,False
RMS,1693,Brake,High,4185,4190,4186,1,False
RMS,1694,Brake,High,4190,4195,4191,1,False
RMS,1695,Steering,High,4190,4200,4192,2,False
RMS,1696,Brake,High,4195,4200,4196,1,False
RMS,1697,Brake,High,4200,4205,4201,1,False
RMS,1698,Steering,High,4200,4210,4202,2,False
RMS,1699,Engine,High,4200,4220,4204,4,False
RMS,1700,Sensor,Medium,4200,4250,4210,10,False
RMS,1701,Diagnostics,Low,4200,4300,4245,45,False
RMS,1702,Brake,High,4205,4210,4206,1,False
RMS,1703,Brake,High,4210,4215,4211,1,False
RMS,1704,Steering,High,4210,4220,4212,2,False
RMS,1705,Brake,High,4215,4220,4216,1,False
RMS,1706,Brake,High,4220,4225,4221,1,False
RMS,1707,Steering,High,4220,4230,4222,2,False
RMS,1708,Engine,High,4220,4240,4224,4,False
RMS,1709,Brake,High,4225,4230,4226,1,False
RMS,1710,Brake,High,4230,4235,4231,1,False
RMS,1711,Steering,High,4230,4240,4232,2,False
RMS,1712,Brake,High,4235,4240,4236,1,False
RMS,1713,Brake,High,4240,4245,4241,1,False
RMS,1714,Steering,High,4240,4250,4242,2,False
RMS,1715,Engine,High,4240,4260,4244,4,False
RMS,1716,Brake,High,4245,4250,4246,1,False
RMS,1717,Brake,High,4250,4255,4251,1,False
RMS,1718,Steering,High,4250,4260,4252,2,False
RMS,1719,Sensor,Medium,4250,4300,4258,8,False
RMS,1720,Brake,High,4255,4260,4256,1,False
RMS,1721,Brake,High,4260,4265,4261,1,False
RMS,1722,Steering,High,4260,4270,4262,2,False
RMS,1723,Engine,High,4260,4280,4264,4,False
RMS,1724,Brake,High,4265,4270,4266,1,False
RMS,1725,Brake,High,4270,4275,4271,1,False
RMS,1726,Steering,High,4270,4280,4272,2,False
RMS,1727,Brake,High,4275,4280,4276,1,False
RMS,1728,Brake,High,4280,4285,4281,1,False
RMS,1729,Steering,High,4280,4290,4282,2,False
RMS,1730,Engine,High,4280,4300,4284,4,False
RMS,1731,Brake,High,4285,4290,4286,1,False
RMS,1732,Brake,High,4290,4295,4291,1,False
RMS,1733,Steering,High,4290,4300,4292,2,False
RMS,1734,Brake,High,4295,4300,4296,1,False
RMS,1735,Brake,High,4300,4305,4301,1,False
RMS,1736,Steering,High,4300,4310,4302,2,False
RMS,1737,Engine,High,4300,4320,4304,4,False
RMS,1738,Sensor,Medium,4300,4350,4310,10,False
RMS,1739,Diagnostics,Low,4300,4400,4345,45,False
RMS,1740,Brake,High,4305,4310,4306,1,False
RMS,1741,Brake,High,4310,4315,4311,1,False
RMS,1742,Steering,High,4310,4320,4312,2,False
RMS,1743,Brake,High,4315,4320,4316,1,False
RMS,1744,Brake,High,4320,4325,4321,1,False
RMS,1745,Steering,High,4320,4330,4322,2,False
RMS,1746,Engine,High,4320,4340,4324,4,False
RMS,1747,Brake,High,4325,4330,4326,1,False
RMS,1748,Brake,High,4330,4335,4331,1,False
RMS,1749,Steering,High,4330,4340,4332,2,False
RMS,1750,Brake,High,4335,4340,4336,1,False
RMS,1751,Brake,High,4340,4345,4341,1,False
RMS,1752,Steering,High,4340,4350,4342,2,False
RMS,1753,Engine,High,4340,4360,4344,4,False
RMS,1754,Brake,High,4345,4350,4346,1,False
RMS,1755,Brake,High,4350,4355,4351,1,False
RMS,1756,Steering,High,4350,4360,4352,2,False
RMS,1757,Sensor,Medium,4350,4400,4358,8,False
RMS,1758,Brake,High,4355,4360,4356,1,False
RMS,1759,Brake,High,4360,4365,4361,1,False
RMS,1760,Steering,High,4360,4370,4362,2,False
RMS,1761,Engine,High,4360,4380,4364,4,False
RMS,1762,Brake,High,4365,4370,4366,1,False
RMS,1763,Brake,High,4370,4375,4371,1,False
RMS,1764,Steering,High,4370,4380,4372,2,False
RMS,1765,Brake,High,4375,4380,4376,1,False
RMS,1766,Brake,High,4380,4385,4381,1,False
RMS,1767,Steering,High,4380,4390,4382,2,False
RMS,1768,Engine,High,4380,4400,4384,4,False
RMS,1769,Brake,High,4385,4390,4386,1,False
RMS,1770,Brake,High,4390,4395,4391,1,False
RMS,1771,Steering,High,4390,4400,4392,2,False
RMS,1772,Brake,High,4395,4400,4396,1,False
RMS,1773,Brake,High,4400,4405,4401,1,False
RMS,1774,Steering,High,4400,4410,4402,2,False
RMS,1775,Engine,High,4400,4420,4404,4,False
RMS,1776,Sensor,Medium,4400,4450,4410,10,False
RMS,1777,Diagnostics,Low,4400,4500,4445,45,False
RMS,1778,Brake,High,4405,4410,4406,1,False
RMS,1779,Brake,High,4410,4415,4411,1,False
RMS,1780,Steering,High,4410,4420,4412,2,False
RMS,1781,Brake,High,4415,4420,4416,1,False
RMS,1782,Brake,High,4420,4425,4421,1,False
RMS,1783,Steering,High,4420,4430,4422,2,False
RMS,1784,Engine,High,4420,4440,4424,4,False
RMS,1785,Brake,High,4425,4430,4426,1,False
RMS,1786,Brake,High,4430,4435,4431,1,False
RMS,1787,Steering,High,4430,4440,4432,2,False
RMS,1788,Brake,High,4435,4440,4436,1,False
RMS,1789,Brake,High,4440,4445,4441,1,False
RMS,1790,Steering,High,4440,4450,4442,2,False
RMS,1791,Engine,High,4440,4460,4444,4,False
RMS,1792,Brake,High,4445,4450,4446,1,False
RMS,1793,Brake,High,4450,4455,4451,1,False
RMS,1794,Steering,High,4450,4460,4452,2,False
RMS,1795,Sensor,Medium,4450,4500,4458,8,False
RMS,1796,Brake,High,4455,4460,4456,1,False
RMS,1797,Brake,High,4460,4465,4461,1,False
RMS,1798,Steering,High,4460,4470,4462,2,False
RMS,1799,Engine,High,4460,4480,4464,4,False
RMS,1800,Brake,High,4465,4470,4466,1,False
RMS,1801,Brake,High,4470,4475,4471,1,False
RMS,1802,Steering,High,4470,4480,4472,2,False
RMS,1803,Brake,High,4475,4480,4476,1,False
RMS,1804,Brake,High,4480,4485,4481,1,False
RMS,1805,Steering,High,4480,4490,4482,2,False
RMS,1806,Engine,High,4480,4500,4484,4,False
RMS,1807,Brake,High,4485,4490,4486,1,False
RMS,1808,Brake,High,4490,4495,4491,1,False
RMS,1809,Steering,High,4490,4500,4492,2,False
RMS,1810,Brake,High,4495,4500,4496,1,False
RMS,1811,Brake,High,4500,4505,4501,1,False
RMS,1812,Steering,High,4500,4510,4502,2,False
RMS,1813,Engine,High,4500,4520,4504,4,False
RMS,1814,Sensor,Medium,4500,4550,4510,10,False
RMS,1815,Diagnostics,Low,4500,4600,4545,45,False
RMS,1816,Brake,High,4505,4510,4506,1,False
RMS,1817,Brake,High,4510,4515,4511,1,False
RMS,1818,Steering,High,4510,4520,4512,2,False
RMS,1819,Brake,High,4515,4520,4516,1,False
RMS,1820,Brake,High,4520,4525,4521,1,False
RMS,1821,Steering,High,4520,4530,4522,2,False
RMS,1822,Engine,High,4520,4540,4524,4,False
RMS,1823,Brake,High,4525,4530,4526,1,False
RMS,1824,Brake,High,4530,4535,4531,1,False
RMS,1825,Steering,High,4530,4540,4532,2,False
RMS,1826,Brake,High,4535,4540,4536,1,False
RMS,1827,Brake,High,4540,4545,4541,1,False
RMS,1828,Steering,High,4540,4550,4542,2,False
RMS,1829,Engine,High,4540,4560,4544,4,False
RMS,1830,Brake,High,4545,4550,4546,1,False
RMS,1831,Brake,High,4550,4555,4551,1,False
RMS,1832,Steering,High,4550,4560,4552,2,False
RMS,1833,Sensor,Medium,4550,4600,4558,8,False
RMS,1834,Brake,High,4555,4560,4556,1,False
RMS,1835,Brake,High,4560,4565,4561,1,False
RMS,1836,Steering,High,4560,4570,4562,2,False
RMS,1837,Engine,High,4560,4580,4564,4,False
RMS,1838,Brake,High,4565,4570,4566,1,False
RMS,1839,Brake,High,4570,4575,4571,1,False
RMS,1840,Steering,High,4570,4580,4572,2,False
RMS,1841,Brake,High,4575,4580,4576,1,False
RMS,1842,Brake,High,4580,4585,4581,1,False
RMS,1843,Steering,High,4580,4590,4582,2,False
RMS,1844,Engine,High,4580,4600,4584,4,False
RMS,1845,Brake,High,4585,4590,4586,1,False
RMS,1846,Brake,High,4590,4595,4591,1,False
RMS,1847,Steering,High,4590,4600,4592,2,False
RMS,1848,Brake,High,4595,4600,4596,1,False
RMS,1849,Brake,High,4600,4605,4601,1,False
RMS,1850,Steering,High,4600,4610,4602,2,False
RMS,1851,Engine,High,4600,4620,4604,4,False
RMS,1852,Sensor,Medium,4600,4650,4610,10,False
RMS,1853,Diagnostics,Low,4600,4700,4645,45,False
RMS,1854,Brake,High,4605,4610,4606,1,False
RMS,1855,Brake,High,4610,4615,4611,1,False
RMS,1856,Steering,High,4610,4620,4612,2,False
RMS,1857,Brake,High,4615,4620,4616,1,False
RMS,1858,Brake,High,4620,4625,4621,1,False
RMS,1859,Steering,High,4620,4630,4622,2,False
RMS,1860,Engine,High,4620,4640,4624,4,False
RMS,1861,Brake,High,4625,4630,4626,1,False
RMS,1862,Brake,High,4630,4635,4631,1,False
RMS,1863,Steering,High,4630,4640,4632,2,False
RMS,1864,Brake,High,4635,4640,4636,1,False
RMS,1865,Brake,High,4640,4645,4641,1,False
RMS,1866,Steering,High,4640,4650,4642,2,False
RMS,1867,Engine,High,4640,4660,4644,4,False
RMS,1868,Brake,High,4645,4650,4646,1,False
RMS,1869,Brake,High,4650,4655,4651,1,False
RMS,1870,Steering,High,4650,4660,4652,2,False
RMS,1871,Sensor,Medium,4650,4700,4658,8,False
RMS,1872,Brake,High,4655,4660,4656,1,False
RMS,1873,Brake,High,4660,4665,4661,1,False
RMS,1874,Steering,High,4660,4670,4662,2,False
RMS,1875,Engine,High,4660,4680,4664,4,False
RMS,1876,Brake,High,4665,4670,4666,1,False
RMS,1877,Brake,High,4670,4675,4671,1,False
RMS,1878,Steering,High,4670,4680,4672,2,False
RMS,1879,Brake,High,4675,4680,4676,1,False
RMS,1880,Brake,High,4680,4685,4681,1,False
RMS,1881,Steering,High,4680,4690,4682,2,False
RMS,1882,Engine,High,4680,4700,4684,4,False
RMS,1883,Brake,High,4685,4690,4686,1,False
RMS,1884,Brake,High,4690,4695,4691,1,False
RMS,1885,Steering,High,4690,4700,4692,2,False
RMS,1886,Brake,High,4695,4700,4696,1,False
RMS,1887,Brake,High,4700,4705,4701,1,False
RMS,1888,Steering,High,4700,4710,4702,2,False
RMS,1889,Engine,High,4700,4720,4704,4,False
RMS,1890,Sensor,Medium,4700,4750,4710,10,False
RMS,1891,Diagnostics,Low,4700,4800,4745,45,False
RMS,1892,Brake,High,4705,4710,4706,1,False
RMS,1893,Brake,High,4710,4715,4711,1,False
RMS,1894,Steering,High,4710,4720,4712,2,False
RMS,1895,Brake,High,4715,4720,4716,1,False
RMS,1896,Brake,High,4720,4725,4721,1,False
RMS,1897,Steering,High,4720,4730,4722,2,False
RMS,1898,Engine,High,4720,4740,4724,4,False
RMS,1899,Brake,High,4725,4730,4726,1,False
RMS,1900,Brake,High,4730,4735,4731,1,False
RMS,1901,Steering,High,4730,4740,4732,2,False
RMS,1902,Brake,High,4735,4740,4736,1,False
RMS,1903,Brake,High,4740,4745,4741,1,False
RMS,1904,Steering,High,4740,4750,4742,2,False
RMS,1905,Engine,High,4740,4760,4744,4,False
RMS,1906,Brake,High,4745,4750,4746,1,False
RMS,1907,Brake,High,4750,4755,4751,1,False
RMS,1908,Steering,High,4750,4760,4752,2,False
RMS,1909,Sensor,Medium,4750,4800,4758,8,False
RMS,1910,Brake,High,4755,4760,4756,1,False
RMS,1911,Brake,High,4760,4765,4761,1,False
RMS,1912,Steering,High,4760,4770,4762,2,False
RMS,1913,Engine,High,4760,4780,4764,4,False
RMS,1914,Brake,High,4765,4770,4766,1,False
RMS,1915,Brake,High,4770,4775,4771,1,False
RMS,1916,Steering,High,4770,4780,4772,2,False
RMS,1917,Brake,High,4775,4780,4776,1,False
RMS,1918,Brake,High,4780,4785,4781,1,False
RMS,1919,Steering,High,4780,4790,4782,2,False
RMS,1920,Engine,High,4780,4800,4784,4,False
RMS,1921,Brake,High,4785,4790,4786,1,False
RMS,1922,Brake,High,4790,4795,4791,1,False
RMS,1923,Steering,High,4790,4800,4792,2,False
RMS,1924,Brake,High,4795,4800,4796,1,False
RMS,1925,Brake,High,4800,4805,4801,1,False
RMS,1926,Steering,High,4800,4810,4802,2,False
RMS,1927,Engine,High,4800,4820,4804,4,False
RMS,1928,Sensor,Medium,4800,4850,4810,10,False
RMS,1929,Diagnostics,Low,4800,4900,4845,45,False
RMS,1930,Brake,High,4805,4810,4806,1,False
RMS,1931,Brake,High,4810,4815,4811,1,False
RMS,1932,Steering,High,4810,4820,4812,2,False
RMS,1933,Brake,High,4815,4820,4816,1,False
RMS,1934,Brake,High,4820,4825,4821,1,False
RMS,1935,Steering,High,4820,4830,4822,2,False
RMS,1936,Engine,High,4820,4840,4824,4,False
RMS,1937,Brake,High,4825,4830,4826,1,False
RMS,1938,Brake,High,4830,4835,4831,1,False
RMS,1939,Steering,High,4830,4840,4832,2,False
RMS,1940,Brake,High,4835,4840,4836,1,False
RMS,1941,Brake,High,4840,4845,4841,1,False
RMS,1942,Steering,High,4840,4850,4842,2,False
RMS,1943,Engine,High,4840,4860,4844,4,False
RMS,1944,Brake,High,4845,4850,4846,1,False
RMS,1945,Brake,High,4850,4855,4851,1,False
RMS,1946,Steering,High,4850,4860,4852,2,False
RMS,1947,Sensor,Medium,4850,4900,4858,8,False
RMS,1948,Brake,High,4855,4860,4856,1,False
RMS,1949,Brake,High,4860,4865,4861,1,False
RMS,1950,Steering,High,4860,4870,4862,2,False
RMS,1951,Engine,High,4860,4880,4864,4,False
RMS,1952,Brake,High,4865,4870,4866,1,False
RMS,1953,Brake,High,4870,4875,4871,1,False
RMS,1954,Steering,High,4870,4880,4872,2,False
RMS,1955,Brake,High,4875,4880,4876,1,False
RMS,1956,Brake,High,4880,4885,4881,1,False
RMS,1957,Steering,High,4880,4890,4882,2,False
RMS,1958,Engine,High,4880,4900,4884,4,False
RMS,1959,Brake,High,4885,4890,4886,1,False
RMS,1960,Brake,High,4890,4895,4891,1,False
RMS,1961,Steering,High,4890,4900,4892,2,False
RMS,1962,Brake,High,4895,4900,4896,1,False
RMS,1963,Brake,High,4900,4905,4901,1,False
RMS,1964,Steering,High,4900,4910,4902,2,False
RMS,1965,Engine,High,4900,4920,4904,4,False
RMS,1966,Sensor,Medium,4900,4950,4910,10,False
RMS,1967,Diagnostics,Low,4900,5000,4945,45,False
RMS,1968,Brake,High,4905,4910,4906,1,False
RMS,1969,Brake,High,4910,4915,4911,1,False
RMS,1970,Steering,High,4910,4920,4912,2,False
RMS,1971,Brake,High,4915,4920,4916,1,False
RMS,1972,Brake,High,4920,4925,4921,1,False
RMS,1973,Steering,High,4920,4930,4922,2,False
RMS,1974,Engine,High,4920,4940,4924,4,False
RMS,1975,Brake,High,4925,4930,4926,1,False
RMS,1976,Brake,High,4930,4935,4931,1,False
RMS,1977,Steering,High,4930,4940,4932,2,False
RMS,1978,Brake,High,4935,4940,4936,1,False
RMS,1979,Brake,High,4940,4945,4941,1,False
RMS,1980,Steering,High,4940,4950,4942,2,False
RMS,1981,Engine,High,4940,4960,4944,4,False
RMS,1982,Brake,High,4945,4950,4946,1,False
RMS,1983,Brake,High,4950,4955,4951,1,False
RMS,1984,Steering,High,4950,4960,4952,2,False
RMS,1985,Sensor,Medium,4950,5000,4958,8,False
RMS,1986,Brake,High,4955,4960,4956,1,False
RMS,1987,Brake,High,4960,4965,4961,1,False
RMS,1988,Steering,High,4960,4970,4962,2,False
RMS,1989,Engine,High,4960,4980,4964,4,False
RMS,1990,Brake,High,4965,4970,4966,1,False
RMS,1991,Brake,High,4970,4975,4971,1,False
RMS,1992,Steering,High,4970,4980,4972,2,False
RMS,1993,Brake,High,4975,4980,4976,1,False
RMS,1994,Brake,High,4980,4985,4981,1,False
RMS,1995,Steering,High,4980,4990,4982,2,False
RMS,1996,Engine,High,4980,5000,4984,4,False
RMS,1997,Brake,High,4985,4990,4986,1,False
RMS,1998,Brake,High,4990,4995,4991,1,False
RMS,1999,Steering,High,4990,5000,4992,2,False
RMS,2000,Brake,High,4995,5000,4996,1,False
EDF,1,Brake,High,0,5,1,1,False
EDF,2,Steering,High,0,10,2,2,False
EDF,3,Engine,High,0,20,4,4,False
EDF,4,Sensor,Medium,0,50,10,10,False
EDF,5,Diagnostics,Low,0,100,45,45,False
EDF,6,Brake,High,5,10,6,1,False
EDF,7,Brake,High,10,15,11,1,False
EDF,8,Steering,High,10,20,12,2,False
EDF,9,Brake,High,15,20,16,1,False
EDF,10,Brake,High,20,25,21,1,False
EDF,11,Steering,High,20,30,22,2,False
EDF,12,Engine,High,20,40,24,4,False
EDF,13,Brake,High,25,30,26,1,False
EDF,14,Brake,High,30,35,31,1,False
EDF,15,Steering,High,30,40,32,2,False
EDF,16,Brake,High,35,40,36,1,False
EDF,17,Brake,High,40,45,41,1,False
EDF,18,Steering,High,40,50,42,2,False
EDF,19,Engine,High,40,60,44,4,False
EDF,20,Brake,High,45,50,46,1,False
EDF,21,Brake,High,50,55,51,1,False
EDF,22,Steering,High,50,60,52,2,False
EDF,23,Sensor,Medium,50,100,58,8,False
EDF,24,Brake,High,55,60,56,1,False
EDF,25,Brake,High,60,65,61,1,False
EDF,26,Steering,High,60,70,62,2,False
EDF,27,Engine,High,60,80,64,4,False
EDF,28,Brake,High,65,70,66,1,False
EDF,29,Brake,High,70,75,71,1,False
EDF,30,Steering,High,70,80,72,2,False
EDF,31,Brake,High,75,80,76,1,False
EDF,32,Brake,High,80,85,81,1,False
EDF,33,Steering,High,80,90,82,2,False
EDF,34,Engine,High,80,100,84,4,False
EDF,35,Brake,High,85,90,86,1,False
EDF,36,Brake,High,90,95,91,1,False
EDF,37,Steering,High,90,100,92,2,False
EDF,38,Brake,High,95,100,96,1,False
EDF,39,Brake,High,100,105,101,1,False
EDF,40,Steering,High,100,110,102,2,False
EDF,41,Engine,High,100,120,104,4,False
EDF,42,Sensor,Medium,100,150,110,10,False
EDF,43,Diagnostics,Low,100,200,145,45,False
EDF,44,Brake,High,105,110,106,1,False
EDF,45,Brake,High,110,115,111,1,False
EDF,46,Steering,High,110,120,112,2,False
EDF,47,Brake,High,115,120,116,1,False
EDF,48,Brake,High,120,125,121,1,False
EDF,49,Steering,High,120,130,122,2,False
EDF,50,Engine,High,120,140,124,4,False
EDF,51,Brake,High,125,130,126,1,False
EDF,52,Brake,High,130,135,131,1,False
EDF,53,Steering,High,130,140,132,2,False
EDF,54,Brake,High,135,140,136,1,False
EDF,55,Brake,High,140,145,141,1,False
EDF,56,Steering,High,140,150,142,2,False
EDF,57,Engine,High,140,160,144,4,False
EDF,58,Brake,High,145,150,146,1,False
EDF,59,Brake,High,150,155,151,1,False
EDF,60,Steering,High,150,160,152,2,False
EDF,61,Sensor,Medium,150,200,158,8,False
EDF,62,Brake,High,155,160,156,1,False
EDF,63,Brake,High,160,165,161,1,False
EDF,64,Steering,High,160,170,162,2,False
EDF,65,Engine,High,160,180,164,4,False
EDF,66,Brake,High,165,170,166,1,False
EDF,67,Brake,High,170,175,171,1,False
EDF,68,Steering,High,170,180,172,2,False
EDF,69,Brake,High,175,180,176,1,False
EDF,70,Brake,High,180,185,181,1,False
EDF,71,Steering,High,180,190,182,2,False
EDF,72,Engine,High,180,200,184,4,False
EDF,73,Brake,High,185,190,186,1,False
EDF,74,Brake,High,190,195,191,1,False
EDF,75,Steering,High,190,200,192,2,False
EDF,76,Brake,High,195,200,196,1,False
EDF,77,Brake,High,200,205,201,1,False
EDF,78,Steering,High,200,210,202,2,False
EDF,79,Engine,High,200,220,204,4,False
EDF,80,Sensor,Medium,200,250,210,10,False
EDF,81,Diagnostics,Low,200,300,245,45,False
EDF,82,Brake,High,205,210,206,1,False
EDF,83,Brake,High,210,215,211,1,False
EDF,84,Steering,High,210,220,212,2,False
EDF,85,Brake,High,215,220,216,1,False
EDF,86,Brake,High,220,225,221,1,False
EDF,87,Steering,High,220,230,222,2,False
EDF,88,Engine,High,220,240,224,4,False
EDF,89,Brake,High,225,230,226,1,False
EDF,90,Brake,High,230,235,231,1,False
EDF,91,Steering,High,230,240,232,2,False
EDF,92,Brake,High,235,240,236,1,False
EDF,93,Brake,High,240,245,241,1,False
EDF,94,Steering,High,240,250,242,2,False
EDF,95,Engine,High,240,260,244,4,False
EDF,96,Brake,High,245,250,246,1,False
EDF,97,Brake,High,250,255,251,1,False
EDF,98,Steering,High,250,260,252,2,False
EDF,99,Sensor,Medium,250,300,258,8,False
EDF,100,Brake,High,255,260,256,1,False
EDF,101,Brake,High,260,265,261,1,False
EDF,102,Steering,High,260,270,262,2,False
EDF,103,Engine,High,260,280,264,4,False
EDF,104,Brake,High,265,270,266,1,False
EDF,105,Brake,High,270,275,271,1,False
EDF,106,Steering,High,270,280,272,2,False
EDF,107,Brake,High,275,280,276,1,False
EDF,108,Brake,High,280,285,281,1,False
EDF,109,Steering,High,280,290,282,2,False
EDF,110,Engine,High,280,300,284,4,False
EDF,111,Brake,High,285,290,286,1,False
EDF,112,Brake,High,290,295,291,1,False
EDF,113,Steering,High,290,300,292,2,False
EDF,114,Brake,High,295,300,296,1,False
EDF,115,Brake,High,300,305,301,1,False
EDF,116,Steering,High,300,310,302,2,False
EDF,117,Engine,High,300,320,304,4,False
EDF,118,Sensor,Medium,300,350,310,10,False
EDF,119,Diagnostics,Low,300,400,345,45,False
EDF,120,Brake,High,305,310,306,1,False
EDF,121,Brake,High,310,315,311,1,False
EDF,122,Steering,High,310,320,312,2,False
EDF,123,Brake,High,315,320,316,1,False
EDF,124,Brake,High,320,325,321,1,False
EDF,125,Steering,High,320,330,322,2,False
EDF,126,Engine,High,320,340,324,4,False
EDF,127,Brake,High,325,330,326,1,False
EDF,128,Brake,High,330,335,331,1,False
EDF,129,Steering,High,330,340,332,2,False
EDF,130,Brake,High,335,340,336,1,False
EDF,131,Brake,High,340,345,341,1,False
EDF,132,Steering,High,340,350,342,2,False
EDF,133,Engine,High,340,360,344,4,False
EDF,134,Brake,High,345,350,346,1,False
EDF,135,Brake,High,350,355,351,1,False
EDF,136,Steering,High,350,360,352,2,False
EDF,137,Sensor,Medium,350,400,358,8,False
EDF,138,Brake,High,355,360,356,1,False
EDF,139,Brake,High,360,365,361,1,False
EDF,140,Steering,High,360,370,362,2,False
EDF,141,Engine,High,360,380,364,4,False
EDF,142,Brake,High,365,370,366,1,False
EDF,143,Brake,High,370,375,371,1,False
EDF,144,Steering,High,370,380,372,2,False
EDF,145,Brake,High,375,380,376,1,False
EDF,146,Brake,High,380,385,381,1,False
EDF,147,Steering,High,380,390,382,2,False
EDF,148,Engine,High,380,400,384,4,False
EDF,149,Brake,High,385,390,386,1,False
EDF,150,Brake,High,390,395,391,1,False
EDF,151,Steering,High,390,400,392,2,False
EDF,152,Brake,High,395,400,396,1,False
EDF,153,Brake,High,400,405,401,1,False
EDF,154,Steering,High,400,410,402,2,False
EDF,155,Engine,High,400,420,404,4,False
EDF,156,Sensor,Medium,400,450,410,10,False
EDF,157,Diagnostics,Low,400,500,445,45,False
EDF,158,Brake,High,405,410,406,1,False
EDF,159,Brake,High,410,415,411,1,False
EDF,160,Steering,High,410,420,412,2,False
EDF,161,Brake,High,415,420,416,1,False
EDF,162,Brake,High,420,425,421,1,False
EDF,163,Steering,High,420,430,422,2,False
EDF,164,Engine,High,420,440,424,4,False
EDF,165,Brake,High,425,430,426,1,False
EDF,166,Brake,High,430,435,431,1,False
EDF,167,Steering,High,430,440,432,2,False
EDF,168,Brake,High,435,440,436,1,False
EDF,169,Brake,High,440,445,441,1,False
EDF,170,Steering,High,440,450,442,2,False
EDF,171,Engine,High,440,460,444,4,False
EDF,172,Brake,High,445,450,446,1,False
EDF,173,Brake,High,450,455,451,1,False
EDF,174,Steering,High,450,460,452,2,False
EDF,175,Sensor,Medium,450,500,458,8,False
EDF,176,Brake,High,455,460,456,1,False
EDF,177,Brake,High,460,465,461,1,False
EDF,178,Steering,High,460,470,462,2,False
EDF,179,Engine,High,460,480,464,4,False
EDF,180,Brake,High,465,470,466,1,False
EDF,181,Brake,High,470,475,471,1,False
EDF,182,Steering,High,470,480,472,2,False
EDF,183,Brake,High,475,480,476,1,False
EDF,184,Brake,High,480,485,481,1,False
EDF,185,Steering,High,480,490,482,2,False
EDF,186,Engine,High,480,500,484,4,False
EDF,187,Brake,High,485,490,486,1,False
EDF,188,Brake,High,490,495,491,1,False
EDF,189,Steering,High,490,500,492,2,False
EDF,190,Brake,High,495,500,496,1,False
EDF,191,Brake,High,500,505,501,1,False
EDF,192,Steering,High,500,510,502,2,False
EDF,193,Engine,High,500,520,504,4,False
EDF,194,Sensor,Medium,500,550,510,10,False
EDF,195,Diagnostics,Low,500,600,545,45,False
EDF,196,Brake,High,505,510,506,1,False
EDF,197,Brake,High,510,515,511,1,False
EDF,198,Steering,High,510,520,512,2,False
EDF,199,Brake,High,515,520,516,1,False
EDF,200,Brake,High,520,525,521,1,False
EDF,201,Steering,High,520,530,522,2,False
EDF,202,Engine,High,520,540,524,4,False
EDF,203,Brake,High,525,530,526,1,False
EDF,204,Brake,High,530,535,531,1,False
EDF,205,Steering,High,530,540,532,2,False
EDF,206,Brake,High,535,540,536,1,False
EDF,207,Brake,High,540,545,541,1,False
EDF,208,Steering,High,540,550,542,2,False
EDF,209,Engine,High,540,560,544,4,False
EDF,210,Brake,High,545,550,546,1,False
EDF,211,Brake,High,550,555,551,1,False
EDF,212,Steering,High,550,560,552,2,False
EDF,213,Sensor,Medium,550,600,558,8,False
EDF,214,Brake,High,555,560,556,1,False
EDF,215,Brake,High,560,565,561,1,False
EDF,216,Steering,High,560,570,562,2,False
EDF,217,Engine,High,560,580,564,4,False
EDF,218,Brake,High,565,570,566,1,False
EDF,219,Brake,High,570,575,571,1,False
EDF,220,Steering,High,570,580,572,2,False
EDF,221,Brake,High,575,580,576,1,False
EDF,222,Brake,High,580,585,581,1,False
EDF,223,Steering,High,580,590,582,2,False
EDF,224,Engine,High,580,600,584,4,False
EDF,225,Brake,High,585,590,586,1,False
EDF,226,Brake,High,590,595,591,1,False
EDF,227,Steering,High,590,600,592,2,False
EDF,228,Brake,High,595,600,596,1,False
EDF,229,Brake,High,600,605,601,1,False
EDF,230,Steering,High,600,610,602,2,False
EDF,231,Engine,High,600,620,604,4,False
EDF,232,Sensor,Medium,600,650,610,10,False
EDF,233,Diagnostics,Low,600,700,645,45,False
EDF,234,Brake,High,605,610,606,1,False
EDF,235,Brake,High,610,615,611,1,False
EDF,236,Steering,High,610,620,612,2,False
EDF,237,Brake,High,615,620,616,1,False
EDF,238,Brake,High,620,625,621,1,False
EDF,239,Steering,High,620,630,622,2,False
EDF,240,Engine,High,620,640,624,4,False
EDF,241,Brake,High,625,630,626,1,False
EDF,242,Brake,High,630,635,631,1,False
EDF,243,Steering,High,630,640,632,2,False
EDF,244,Brake,High,635,640,636,1,False
EDF,245,Brake,High,640,645,641,1,False
EDF,246,Steering,High,640,650,642,2,False
EDF,247,Engine,High,640,660,644,4,False
EDF,248,Brake,High,645,650,646,1,False
EDF,249,Brake,High,650,655,651,1,False
EDF,250,Steering,High,650,660,652,2,False
EDF,251,Sensor,Medium,650,700,658,8,False
EDF,252,Brake,High,655,660,656,1,False
EDF,253,Brake,High,660,665,661,1,False
EDF,254,Steering,High,660,670,662,2,False
EDF,255,Engine,High,660,680,664,4,False
EDF,256,Brake,High,665,670,666,1,False
EDF,257,Brake,High,670,675,671,1,False
EDF,258,Steering,High,670,680,672,2,False
EDF,259,Brake,High,675,680,676,1,False
EDF,260,Brake,High,680,685,681,1,False
EDF,261,Steering,High,680,690,682,2,False
EDF,262,Engine,High,680,700,684,4,False
EDF,263,Brake,High,685,690,686,1,False
EDF,264,Brake,High,690,695,691,1,False
EDF,265,Steering,High,690,700,692,2,False
EDF,266,Brake,High,695,700,696,1,False
EDF,267,Brake,High,700,705,701,1,False
EDF,268,Steering,High,700,710,702,2,False
EDF,269,Engine,High,700,720,704,4,False
EDF,270,Sensor,Medium,700,750,710,10,False
EDF,271,Diagnostics,Low,700,800,745,45,False
EDF,272,Brake,High,705,710,706,1,False
EDF,273,Brake,High,710,715,711,1,False
EDF,274,Steering,High,710,720,712,2,False
EDF,275,Brake,High,715,720,716,1,False
EDF,276,Brake,High,720,725,721,1,False
EDF,277,Steering,High,720,730,722,2,False
EDF,278,Engine,High,720,740,724,4,False
EDF,279,Brake,High,725,730,726,1,False
EDF,280,Brake,High,730,735,731,1,False
EDF,281,Steering,High,730,740,732,2,False
EDF,282,Brake,High,735,740,736,1,False
EDF,283,Brake,High,740,745,741,1,False
EDF,284,Steering,High,740,750,742,2,False
EDF,285,Engine,High,740,760,744,4,False
EDF,286,Brake,High,745,750,746,1,False
EDF,287,Brake,High,750,755,751,1,False
EDF,288,Steering,High,750,760,752,2,False
EDF,289,Sensor,Medium,750,800,758,8,False
EDF,290,Brake,High,755,760,756,1,False
EDF,291,Brake,High,760,765,761,1,False
EDF,292,Steering,High,760,770,762,2,False
EDF,293,Engine,High,760,780,764,4,False
EDF,294,Brake,High,765,770,766,1,False
EDF,295,Brake,High,770,775,771,1,False
EDF,296,Steering,High,770,780,772,2,False
EDF,297,Brake,High,775,780,776,1,False
EDF,298,Brake,High,780,785,781,1,False
EDF,299,Steering,High,780,790,782,2,False
EDF,300,Engine,High,780,800,784,4,False
EDF,301,Brake,High,785,790,786,1,False
EDF,302,Brake,High,790,795,791,1,False
EDF,303,Steering,High,790,800,792,2,False
EDF,304,Brake,High,795,800,796,1,False
EDF,305,Brake,High,800,805,801,1,False
EDF,306,Steering,High,800,810,802,2,False
EDF,307,Engine,High,800,820,804,4,False
EDF,308,Sensor,Medium,800,850,810,10,False
EDF,309,Diagnostics,Low,800,900,845,45,False
EDF,310,Brake,High,805,810,806,1,False
EDF,311,Brake,High,810,815,811,1,False
EDF,312,Steering,High,810,820,812,2,False
EDF,313,Brake,High,815,820,816,1,False
EDF,314,Brake,High,820,825,821,1,False
EDF,315,Steering,High,820,830,822,2,False
EDF,316,Engine,High,820,840,824,4,False
EDF,317,Brake,High,825,830,826,1,False
EDF,318,Brake,High,830,835,831,1,False
EDF,319,Steering,High,830,840,832,2,False
EDF,320,Brake,High,835,840,836,1,False
EDF,321,Brake,High,840,845,841,1,False
EDF,322,Steering,High,840,850,842,2,False
EDF,323,Engine,High,840,860,844,4,False
EDF,324,Brake,High,845,850,846,1,False
EDF,325,Brake,High,850,855,851,1,False
EDF,326,Steering,High,850,860,852,2,False
EDF,327,Sensor,Medium,850,900,858,8,False
EDF,328,Brake,High,855,860,856,1,False
EDF,329,Brake,High,860,865,861,1,False
EDF,330,Steering,High,860,870,862,2,False
EDF,331,Engine,High,860,880,864,4,False
EDF,332,Brake,High,865,870,866,1,False
EDF,333,Brake,High,870,875,871,1,False
EDF,334,Steering,High,870,880,872,2,False
EDF,335,Brake,High,875,880,876,1,False
EDF,336,Brake,High,880,885,881,1,False
EDF,337,Steering,High,880,890,882,2,False
EDF,338,Engine,High,880,900,884,4,False
EDF,339,Brake,High,885,890,886,1,False
EDF,340,Brake,High,890,895,891,1,False
EDF,341,Steering,High,890,900,892,2,False
EDF,342,Brake,High,895,900,896,1,False
EDF,343,Brake,High,900,905,901,1,False
EDF,344,Steering,High,900,910,902,2,False
EDF,345,Engine,High,900,920,904,4,False
EDF,346,Sensor,Medium,900,950,910,10,False
EDF,347,Diagnostics,Low,900,1000,945,45,False
EDF,348,Brake,High,905,910,906,1,False
EDF,349,Brake,High,910,915,911,1,False
EDF,350,Steering,High,910,920,912,2,False
EDF,351,Brake,High,915,920,916,1,False
EDF,352,Brake,High,920,925,921,1,False
EDF,353,Steering,High,920,930,922,2,False
EDF,354,Engine,High,920,940,924,4,False
EDF,355,Brake,High,925,930,926,1,False
EDF,356,Brake,High,930,935,931,1,False
EDF,357,Steering,High,930,940,932,2,False
EDF,358,Brake,High,935,940,936,1,False
EDF,359,Brake,High,940,945,941,1,False
EDF,360,Steering,High,940,950,942,2,False
EDF,361,Engine,High,940,960,944,4,False
EDF,362,Brake,High,945,950,946,1,False
EDF,363,Brake,High,950,955,951,1,False
EDF,364,Steering,High,950,960,952,2,False
EDF,365,Sensor,Medium,950,1000,958,8,False
EDF,366,Brake,High,955,960,956,1,False
EDF,367,Brake,High,960,965,961,1,False
EDF,368,Steering,High,960,970,962,2,False
EDF,369,Engine,High,960,980,964,4,False
EDF,370,Brake,High,965,970,966,1,False
EDF,371,Brake,High,970,975,971,1,False
EDF,372,Steering,High,970,980,972,2,False
EDF,373,Brake,High,975,980,976,1,False
EDF,374,Brake,High,980,985,981,1,False
EDF,375,Steering,High,980,990,982,2,False
EDF,376,Engine,High,980,1000,984,4,False
EDF,377,Brake,High,985,990,986,1,False
EDF,378,Brake,High,990,995,991,1,False
EDF,379,Steering,High,990,1000,992,2,False
EDF,380,Brake,High,995,1000,996,1,False
EDF,381,Brake,High,1000,1005,1001,1,False
EDF,382,Steering,High,1000,1010,1002,2,False
EDF,383,Engine,High,1000,1020,1004,4,False
EDF,384,Sensor,Medium,1000,1050,1010,10,False
EDF,385,Diagnostics,Low,1000,1100,1045,45,False
EDF,386,Brake,High,1005,1010,1006,1,False
EDF,387,Brake,High,1010,1015,1011,1,False
EDF,388,Steering,High,1010,1020,1012,2,False
EDF,389,Brake,High,1015,1020,1016,1,False
EDF,390,Brake,High,1020,1025,1021,1,False
EDF,391,Steering,High,1020,1030,1022,2,False
EDF,392,Engine,High,1020,1040,1024,4,False
EDF,393,Brake,High,1025,1030,1026,1,False
EDF,394,Brake,High,1030,1035,1031,1,False
EDF,395,Steering,High,1030,1040,1032,2,False
EDF,396,Brake,High,1035,1040,1036,1,False
EDF,397,Brake,High,1040,1045,1041,1,False
EDF,398,Steering,High,1040,1050,1042,2,False
EDF,399,Engine,High,1040,1060,1044,4,False
EDF,400,Brake,High,1045,1050,1046,1,False
EDF,401,Brake,High,1050,1055,1051,1,False
EDF,402,Steering,High,1050,1060,1052,2,False
EDF,403,Sensor,Medium,1050,1100,1058,8,False
EDF,404,Brake,High,1055,1060,1056,1,False
EDF,405,Brake,High,1060,1065,1061,1,False
EDF,406,Steering,High,1060,1070,1062,2,False
EDF,407,Engine,High,1060,1080,1064,4,False
EDF,408,Brake,High,1065,1070,1066,1,False
EDF,409,Brake,High,1070,1075,1071,1,False
EDF,410,Steering,High,1070,1080,1072,2,False
EDF,411,Brake,High,1075,1080,1076,1,False
EDF,412,Brake,High,1080,1085,1081,1,False
EDF,413,Steering,High,1080,1090,1082,2,False
EDF,414,Engine,High,1080,1100,1084,4,False
EDF,415,Brake,High,1085,1090,1086,1,False
EDF,416,Brake,High,1090,1095,1091,1,False
EDF,417,Steering,High,1090,1100,1092,2,False
EDF,418,Brake,High,1095,1100,1096,1,False
EDF,419,Brake,High,1100,1105,1101,1,False
EDF,420,Steering,High,1100,1110,1102,2,False
EDF,421,Engine,High,1100,1120,1104,4,False
EDF,422,Sensor,Medium,1100,1150,1110,10,False
EDF,423,Diagnostics,Low,1100,1200,1145,45,False
EDF,424,Brake,High,1105,1110,1106,1,False
EDF,425,Brake,High,1110,1115,1111,1,False
EDF,426,Steering,High,1110,1120,1112,2,False
EDF,427,Brake,High,1115,1120,1116,1,False
EDF,428,Brake,High,1120,1125,1121,1,False
EDF,429,Steering,High,1120,1130,1122,2,False
EDF,430,Engine,High,1120,1140,1124,4,False
EDF,431,Brake,High,1125,1130,1126,1,False
EDF,432,Brake,High,1130,1135,1131,1,False
EDF,433,Steering,High,1130,1140,1132,2,False
EDF,434,Brake,High,1135,1140,1136,1,False
EDF,435,Brake,High,1140,1145,1141,1,False
EDF,436,Steering,High,1140,1150,1142,2,False
EDF,437,Engine,High,1140,1160,1144,4,False
EDF,438,Brake,High,1145,1150,1146,1,False
EDF,439,Brake,High,1150,1155,1151,1,False
EDF,440,Steering,High,1150,1160,1152,2,False
EDF,441,Sensor,Medium,1150,1200,1158,8,False
EDF,442,Brake,High,1155,1160,1156,1,False
EDF,443,Brake,High,1160,1165,1161,1,False
EDF,444,Steering,High,1160,1170,1162,2,False
EDF,445,Engine,High,1160,1180,1164,4,False
EDF,446,Brake,High,1165,1170,1166,1,False
EDF,447,Brake,High,1170,1175,1171,1,False
EDF,448,Steering,High,1170,1180,1172,2,False
EDF,449,Brake,High,1175,1180,1176,1,False
EDF,450,Brake,High,1180,1185,1181,1,False
EDF,451,Steering,High,1180,1190,1182,2,False
EDF,452,Engine,High,1180,1200,1184,4,False
EDF,453,Brake,High,1185,1190,1186,1,False
EDF,454,Brake,High,1190,1195,1191,1,False
EDF,455,Steering,High,1190,1200,1192,2,False
EDF,456,Brake,High,1195,1200,1196,1,False
EDF,457,Brake,High,1200,1205,1201,1,False
EDF,458,Steering,High,1200,1210,1202,2,False
EDF,459,Engine,High,1200,1220,1204,4,False
EDF,460,Sensor,Medium,1200,1250,1210,10,False
EDF,461,Diagnostics,Low,1200,1300,1245,45,False
EDF,462,Brake,High,1205,1210,1206,1,False
EDF,463,Brake,High,1210,1215,1211,1,False
EDF,464,Steering,High,1210,1220,1212,2,False
EDF,465,Brake,High,1215,1220,1216,1,False
EDF,466,Brake,High,1220,1225,1221,1,False
EDF,467,Steering,High,1220,1230,1222,2,False
EDF,468,Engine,High,1220,1240,1224,4,False
EDF,469,Brake,High,1225,1230,1226,1,False
EDF,470,Brake,High,1230,1235,1231,1,False
EDF,471,Steering,High,1230,1240,1232,2,False
EDF,472,Brake,High,1235,1240,1236,1,False
EDF,473,Brake,High,1240,1245,1241,1,False
EDF,474,Steering,High,1240,1250,1242,2,False
EDF,475,Engine,High,1240,1260,1244,4,False
EDF,476,Brake,High,1245,1250,1246,1,False
EDF,477,Brake,High,1250,1255,1251,1,False
EDF,478,Steering,High,1250,1260,1252,2,False
EDF,479,Sensor,Medium,1250,1300,1258,8,False
EDF,480,Brake,High,1255,1260,1256,1,False
EDF,481,Brake,High,1260,1265,1261,1,False
EDF,482,Steering,High,1260,1270,1262,2,False
EDF,483,Engine,High,1260,1280,1264,4,False
EDF,484,Brake,High,1265,1270,1266,1,False
EDF,485,Brake,High,1270,1275,1271,1,False
EDF,486,Steering,High,1270,1280,1272,2,False
EDF,487,Brake,High,1275,1280,1276,1,False
EDF,488,Brake,High,1280,1285,1281,1,False
EDF,489,Steering,High,1280,1290,1282,2,False
EDF,490,Engine,High,1280,1300,1284,4,False
EDF,491,Brake,High,1285,1290,1286,1,False
EDF,492,Brake,High,1290,1295,1291,1,False
EDF,493,Steering,High,1290,1300,1292,2,False
EDF,494,Brake,High,1295,1300,1296,1,False
EDF,495,Brake,High,1300,1305,1301,1,False
EDF,496,Steering,High,1300,1310,1302,2,False
EDF,497,Engine,High,1300,1320,1304,4,False
EDF,498,Sensor,Medium,1300,1350,1310,10,False
EDF,499,Diagnostics,Low,1300,1400,1345,45,False
EDF,500,Brake,High,1305,1310,1306,1,False
EDF,501,Brake,High,1310,1315,1311,1,False
EDF,502,Steering,High,1310,1320,1312,2,False
EDF,503,Brake,High,1315,1320,1316,1,False
EDF,504,Brake,High,1320,1325,1321,1,False
EDF,505,Steering,High,1320,1330,1322,2,False
EDF,506,Engine,High,1320,1340,1324,4,False
EDF,507,Brake,High,1325,1330,1326,1,False
EDF,508,Brake,High,1330,1335,1331,1,False
EDF,509,Steering,High,1330,1340,1332,2,False
EDF,510,Brake,High,1335,1340,1336,1,False
EDF,511,Brake,High,1340,1345,1341,1,False
EDF,512,Steering,High,1340,1350,1342,2,False
EDF,513,Engine,High,1340,1360,1344,4,False
EDF,514,Brake,High,1345,1350,1346,1,False
EDF,515,Brake,High,1350,1355,1351,1,False
EDF,516,Steering,High,1350,1360,1352,2,False
EDF,517,Sensor,Medium,1350,1400,1358,8,False
EDF,518,Brake,High,1355,1360,1356,1,False
EDF,519,Brake,High,1360,1365,1361,1,False
EDF,520,Steering,High,1360,1370,1362,2,False
EDF,521,Engine,High,1360,1380,1364,4,False
EDF,522,Brake,High,1365,1370,1366,1,False
EDF,523,Brake,High,1370,1375,1371,1,False
EDF,524,Steering,High,1370,1380,1372,2,False
EDF,525,Brake,High,1375,1380,1376,1,False
EDF,526,Brake,High,1380,1385,1381,1,False
EDF,527,Steering,High,1380,1390,1382,2,False
EDF,528,Engine,High,1380,1400,1384,4,False
EDF,529,Brake,High,1385,1390,1386,1,False
EDF,530,Brake,High,1390,1395,1391,1,False
EDF,531,Steering,High,1390,1400,1392,2,False
EDF,532,Brake,High,1395,1400,1396,1,False
EDF,533,Brake,High,1400,1405,1401,1,False
EDF,534,Steering,High,1400,1410,1402,2,False
EDF,535,Engine,High,1400,1420,1404,4,False
EDF,536,Sensor,Medium,1400,1450,1410,10,False
EDF,537,Diagnostics,Low,1400,1500,1445,45,False
EDF,538,Brake,High,1405,1410,1406,1,False
EDF,539,Brake,High,1410,1415,1411,1,False
EDF,540,Steering,High,1410,1420,1412,2,False
EDF,541,Brake,High,1415,1420,1416,1,False
EDF,542,Brake,High,1420,1425,1421,1,False
EDF,543,Steering,High,1420,1430,1422,2,False
EDF,544,Engine,High,1420,1440,1424,4,False
EDF,545,Brake,High,1425,1430,1426,1,False
EDF,546,Brake,High,1430,1435,1431,1,False
EDF,547,Steering,High,1430,1440,1432,2,False
EDF,548,Brake,High,1435,1440,1436,1,False
EDF,549,Brake,High,1440,1445,1441,1,False
EDF,550,Steering,High,1440,1450,1442,2,False
EDF,551,Engine,High,1440,1460,1444,4,False
EDF,552,Brake,High,1445,1450,1446,1,False
EDF,553,Brake,High,1450,1455,1451,1,False
EDF,554,Steering,High,1450,1460,1452,2,False
EDF,555,Sensor,Medium,1450,1500,1458,8,False
EDF,556,Brake,High,1455,1460,1456,1,False
EDF,557,Brake,High,1460,1465,1461,1,False
EDF,558,Steering,High,1460,1470,1462,2,False
EDF,559,Engine,High,1460,1480,1464,4,False
EDF,560,Brake,High,1465,1470,1466,1,False
EDF,561,Brake,High,1470,1475,1471,1,False
EDF,562,Steering,High,1470,1480,1472,2,False
EDF,563,Brake,High,1475,1480,1476,1,False
EDF,564,Brake,High,1480,1485,1481,1,False
EDF,565,Steering,High,1480,1490,1482,2,False
EDF,566,Engine,High,1480,1500,1484,4,False
EDF,567,Brake,High,1485,1490,1486,1,False
EDF,568,Brake,High,1490,1495,1491,1,False
EDF,569,Steering,High,1490,1500,1492,2,False
EDF,570,Brake,High,1495,1500,1496,1,False
EDF,571,Brake,High,1500,1505,1501,1,False
EDF,572,Steering,High,1500,1510,1502,2,False
EDF,573,Engine,High,1500,1520,1504,4,False
EDF,574,Sensor,Medium,1500,1550,1510,10,False
EDF,575,Diagnostics,Low,1500,1600,1545,45,False
EDF,576,Brake,High,1505,1510,1506,1,False
EDF,577,Brake,High,1510,1515,1511,1,False
EDF,578,Steering,High,1510,1520,1512,2,False
EDF,579,Brake,High,1515,1520,1516,1,False
EDF,580,Brake,High,1520,1525,1521,1,False
EDF,581,Steering,High,1520,1530,1522,2,False
EDF,582,Engine,High,1520,1540,1524,4,False
EDF,583,Brake,High,1525,1530,1526,1,False
EDF,584,Brake,High,1530,1535,1531,1,False
EDF,585,Steering,High,1530,1540,1532,2,False
EDF,586,Brake,High,1535,1540,1536,1,False
EDF,587,Brake,High,1540,1545,1541,1,False
EDF,588,Steering,High,1540,1550,1542,2,False
EDF,589,Engine,High,1540,1560,1544,4,False
EDF,590,Brake,High,1545,1550,1546,1,False
EDF,591,Brake,High,1550,1555,1551,1,False
EDF,592,Steering,High,1550,1560,1552,2,False
EDF,593,Sensor,Medium,1550,1600,1558,8,False
EDF,594,Brake,High,1555,1560,1556,1,False
EDF,595,Brake,High,1560,1565,1561,1,False
EDF,596,Steering,High,1560,1570,1562,2,False
EDF,597,Engine,High,1560,1580,1564,4,False
EDF,598,Brake,High,1565,1570,1566,1,False
EDF,599,Brake,High,1570,1575,1571,1,False
EDF,600,Steering,High,1570,1580,1572,2,False
EDF,601,Brake,High,1575,1580,1576,1,False
EDF,602,Brake,High,1580,1585,1581,1,False
EDF,603,Steering,High,1580,1590,1582,2,False
EDF,604,Engine,High,1580,1600,1584,4,False
EDF,605,Brake,High,1585,1590,1586,1,False
EDF,606,Brake,High,1590,1595,1591,1,False
EDF,607,Steering,High,1590,1600,1592,2,False
EDF,608,Brake,High,1595,1600,1596,1,False
EDF,609,Brake,High,1600,1605,1601,1,False
EDF,610,Steering,High,1600,1610,1602,2,False
EDF,611,Engine,High,1600,1620,1604,4,False
EDF,612,Sensor,Medium,1600,1650,1610,10,False
EDF,613,Diagnostics,Low,1600,1700,1645,45,False
EDF,614,Brake,High,1605,1610,1606,1,False
EDF,615,Brake,High,1610,1615,1611,1,False
EDF,616,Steering,High,1610,1620,1612,2,False
EDF,617,Brake,High,1615,1620,1616,1,False
EDF,618,Brake,High,1620,1625,1621,1,False
EDF,619,Steering,High,1620,1630,1622,2,False
EDF,620,Engine,High,1620,1640,1624,4,False
EDF,621,Brake,High,1625,1630,1626,1,False
EDF,622,Brake,High,1630,1635,1631,1,False
EDF,623,Steering,High,1630,1640,1632,2,False
EDF,624,Brake,High,1635,1640,1636,1,False
EDF,625,Brake,High,1640,1645,1641,1,False
EDF,626,Steering,High,1640,1650,1642,2,False
EDF,627,Engine,High,1640,1660,1644,4,False
EDF,628,Brake,High,1645,1650,1646,1,False
EDF,629,Brake,High,1650,1655,1651,1,False
EDF,630,Steering,High,1650,1660,1652,2,False
EDF,631,Sensor,Medium,1650,1700,1658,8,False
EDF,632,Brake,High,1655,1660,1656,1,False
EDF,633,Brake,High,1660,1665,1661,1,False
EDF,634,Steering,High,1660,1670,1662,2,False
EDF,635,Engine,High,1660,1680,1664,4,False
EDF,636,Brake,High,1665,1670,1666,1,False
EDF,637,Brake,High,1670,1675,1671,1,False
EDF,638,Steering,High,1670,1680,1672,2,False
EDF,639,Brake,High,1675,1680,1676,1,False
EDF,640,Brake,High,1680,1685,1681,1,False
EDF,641,Steering,High,1680,1690,1682,2,False
EDF,642,Engine,High,1680,1700,1684,4,False
EDF,643,Brake,High,1685,1690,1686,1,False
EDF,644,Brake,High,1690,1695,1691,1,False
EDF,645,Steering,High,1690,1700,1692,2,False
EDF,646,Brake,High,1695,1700,1696,1,False
EDF,647,Brake,High,1700,1705,1701,1,False
EDF,648,Steering,High,1700,1710,1702,2,False
EDF,649,Engine,High,1700,1720,1704,4,False
EDF,650,Sensor,Medium,1700,1750,1710,10,False
EDF,651,Diagnostics,Low,1700,1800,1745,45,False
EDF,652,Brake,High,1705,1710,1706,1,False
EDF,653,Brake,High,1710,1715,1711,1,False
EDF,654,Steering,High,1710,1720,1712,2,False
EDF,655,Brake,High,1715,1720,1716,1,False
EDF,656,Brake,High,1720,1725,1721,1,False
EDF,657,Steering,High,1720,1730,1722,2,False
EDF,658,Engine,High,1720,1740,1724,4,False
EDF,659,Brake,High,1725,1730,1726,1,False
EDF,660,Brake,High,1730,1735,1731,1,False
EDF,661,Steering,High,1730,1740,1732,2,False
EDF,662,Brake,High,1735,1740,1736,1,False
EDF,663,Brake,High,1740,1745,1741,1,False
EDF,664,Steering,High,1740,1750,1742,2,False
EDF,665,Engine,High,1740,1760,1744,4,False
EDF,666,Brake,High,1745,1750,1746,1,False
EDF,667,Brake,High,1750,1755,1751,1,False
EDF,668,Steering,High,1750,1760,1752,2,False
EDF,669,Sensor,Medium,1750,1800,1758,8,False
EDF,670,Brake,High,1755,1760,1756,1,False
EDF,671,Brake,High,1760,1765,1761,1,False
EDF,672,Steering,High,1760,1770,1762,2,False
EDF,673,Engine,High,1760,1780,1764,4,False
EDF,674,Brake,High,1765,1770,1766,1,False
EDF,675,Brake,High,1770,1775,1771,1,False
EDF,676,Steering,High,1770,1780,1772,2,False
EDF,677,Brake,High,1775,1780,1776,1,False
EDF,678,Brake,High,1780,1785,1781,1,False
EDF,679,Steering,High,1780,1790,1782,2,False
EDF,680,Engine,High,1780,1800,1784,4,False
EDF,681,Brake,High,1785,1790,1786,1,False
EDF,682,Brake,High,1790,1795,1791,1,False
EDF,683,Steering,High,1790,1800,1792,2,False
EDF,684,Brake,High,1795,1800,1796,1,False
EDF,685,Brake,High,1800,1805,1801,1,False
EDF,686,Steering,High,1800,1810,1802,2,False
EDF,687,Engine,High,1800,1820,1804,4,False
EDF,688,Sensor,Medium,1800,1850,1810,10,False
EDF,689,Diagnostics,Low,1800,1900,1845,45,False
EDF,690,Brake,High,1805,1810,1806,1,False
EDF,691,Brake,High,1810,1815,1811,1,False
EDF,692,Steering,High,1810,1820,1812,2,False
EDF,693,Brake,High,1815,1820,1816,1,False
EDF,694,Brake,High,1820,1825,1821,1,False
EDF,695,Steering,High,1820,1830,1822,2,False
EDF,696,Engine,High,1820,1840,1824,4,False
EDF,697,Brake,High,1825,1830,1826,1,False
EDF,698,Brake,High,1830,1835,1831,1,False
EDF,699,Steering,High,1830,1840,1832,2,False
EDF,700,Brake,High,1835,1840,1836,1,False
EDF,701,Brake,High,1840,1845,1841,1,False
EDF,702,Steering,High,1840,1850,1842,2,False
EDF,703,Engine,High,1840,1860,1844,4,False
EDF,704,Brake,High,1845,1850,1846,1,False
EDF,705,Brake,High,1850,1855,1851,1,False
EDF,706,Steering,High,1850,1860,1852,2,False
EDF,707,Sensor,Medium,1850,1900,1858,8,False
EDF,708,Brake,High,1855,1860,1856,1,False
EDF,709,Brake,High,1860,1865,1861,1,False
EDF,710,Steering,High,1860,1870,1862,2,False
EDF,711,Engine,High,1860,1880,1864,4,False
EDF,712,Brake,High,1865,1870,1866,1,False
EDF,713,Brake,High,1870,1875,1871,1,False
EDF,714,Steering,High,1870,1880,1872,2,False
EDF,715,Brake,High,1875,1880,1876,1,False
EDF,716,Brake,High,1880,1885,1881,1,False
EDF,717,Steering,High,1880,1890,1882,2,False
EDF,718,Engine,High,1880,1900,1884,4,False
EDF,719,Brake,High,1885,1890,1886,1,False
EDF,720,Brake,High,1890,1895,1891,1,False
EDF,721,Steering,High,1890,1900,1892,2,False
EDF,722,Brake,High,1895,1900,1896,1,False
EDF,723,Brake,High,1900,1905,1901,1,False
EDF,724,Steering,High,1900,1910,1902,2,False
EDF,725,Engine,High,1900,1920,1904,4,False
EDF,726,Sensor,Medium,1900,1950,1910,10,False
EDF,727,Diagnostics,Low,1900,2000,1945,45,False
EDF,728,Brake,High,1905,1910,1906,1,False
EDF,729,Brake,High,1910,1915,1911,1,False
EDF,730,Steering,High,1910,1920,1912,2,False
EDF,731,Brake,High,1915,1920,1916,1,False
EDF,732,Brake,High,1920,1925,1921,1,False
EDF,733,Steering,High,1920,1930,1922,2,False
EDF,734,Engine,High,1920,1940,1924,4,False
EDF,735,Brake,High,1925,1930,1926,1,False
EDF,736,Brake,High,1930,1935,1931,1,False
EDF,737,Steering,High,1930,1940,1932,2,False
EDF,738,Brake,High,1935,1940,1936,1,False
EDF,739,Brake,High,1940,1945,1941,1,False
EDF,740,Steering,High,1940,1950,1942,2,False
EDF,741,Engine,High,1940,1960,1944,4,False
EDF,742,Brake,High,1945,1950,1946,1,False
EDF,743,Brake,High,1950,1955,1951,1,False
EDF,744,Steering,High,1950,1960,1952,2,False
EDF,745,Sensor,Medium,1950,2000,1958,8,False
EDF,746,Brake,High,1955,1960,1956,1,False
EDF,747,Brake,High,1960,1965,1961,1,False
EDF,748,Steering,High,1960,1970,1962,2,False
EDF,749,Engine,High,1960,1980,1964,4,False
EDF,750,Brake,High,1965,1970,1966,1,False
EDF,751,Brake,High,1970,1975,1971,1,False
EDF,752,Steering,High,1970,1980,1972,2,False
EDF,753,Brake,High,1975,1980,1976,1,False
EDF,754,Brake,High,1980,1985,1981,1,False
EDF,755,Steering,High,1980,1990,1982,2,False
EDF,756,Engine,High,1980,2000,1984,4,False
EDF,757,Brake,High,1985,1990,1986,1,False
EDF,758,Brake,High,1990,1995,1991,1,False
EDF,759,Steering,High,1990,2000,1992,2,False
EDF,760,Brake,High,1995,2000,1996,1,False
EDF,761,Brake,High,2000,2005,2001,1,False
EDF,762,Steering,High,2000,2010,2004,4,False
EDF,763,Engine,High,2000,2020,2009,9,False
EDF,764,Sensor,Medium,2000,2050,2030,30,False
EDF,765,Diagnostics,Low,2000,2100,2110,110,True
EDF,766,Burst,Medium,2000,2005,2003,3,False
EDF,767,Brake,High,2005,2010,2006,1,False
EDF,768,Burst,Medium,2005,2010,2008,3,False
EDF,769,Brake,High,2010,2015,2011,1,False
EDF,770,Steering,High,2010,2020,2014,4,False
EDF,771,Burst,Medium,2010,2015,2013,3,False
EDF,772,Brake,High,2015,2020,2016,1,False
EDF,773,Burst,Medium,2015,2020,2018,3,False
EDF,774,Brake,High,2020,2025,2021,1,False
EDF,775,Steering,High,2020,2030,2024,4,False
EDF,776,Engine,High,2020,2040,2029,9,False
EDF,777,Burst,Medium,2020,2025,2023,3,False
EDF,778,Brake,High,2025,2030,2026,1,False
EDF,779,Burst,Medium,2025,2030,2028,3,False
EDF,780,Brake,High,2030,2035,2031,1,False
EDF,781,Steering,High,2030,2040,2034,4,False
EDF,782,Burst,Medium,2030,2035,2033,3,False
EDF,783,Brake,High,2035,2040,2036,1,False
EDF,784,Burst,Medium,2035,2040,2038,3,False
EDF,785,Brake,High,2040,2045,2041,1,False
EDF,786,Steering,High,2040,2050,2044,4,False
EDF,787,Engine,High,2040,2060,2049,9,False
EDF,788,Burst,Medium,2040,2045,2043,3,False
EDF,789,Brake,High,2045,2050,2046,1,False
EDF,790,Burst,Medium,2045,2050,2048,3,False
EDF,791,Brake,High,2050,2055,2051,1,False
EDF,792,Steering,High,2050,2060,2054,4,False
EDF,793,Sensor,Medium,2050,2100,2075,25,False
EDF,794,Burst,Medium,2050,2055,2053,3,False
EDF,795,Brake,High,2055,2060,2056,1,False
EDF,796,Burst,Medium,2055,2060,2058,3,False
EDF,797,Brake,High,2060,2065,2061,1,False
EDF,798,Steering,High,2060,2070,2064,4,False
EDF,799,Engine,High,2060,2080,2069,9,False
EDF,800,Burst,Medium,2060,2065,2063,3,False
EDF,801,Brake,High,2065,2070,2066,1,False
EDF,802,Burst,Medium,2065,2070,2068,3,False
EDF,803,Brake,High,2070,2075,2071,1,False
EDF,804,Steering,High,2070,2080,2074,4,False
EDF,805,Burst,Medium,2070,2075,2073,3,False
EDF,806,Brake,High,2075,2080,2076,1,False
EDF,807,Burst,Medium,2075,2080,2078,3,False
EDF,808,Brake,High,2080,2085,2081,1,False
EDF,809,Steering,High,2080,2090,2084,4,False
EDF,810,Engine,High,2080,2100,2089,9,False
EDF,811,Burst,Medium,2080,2085,2083,3,False
EDF,812,Brake,High,2085,2090,2086,1,False
EDF,813,Burst,Medium,2085,2090,2088,3,False
EDF,814,Brake,High,2090,2095,2091,1,False
EDF,815,Steering,High,2090,2100,2094,4,False
EDF,816,Burst,Medium,2090,2095,2093,3,False
EDF,817,Brake,High,2095,2100,2096,1,False
EDF,818,Burst,Medium,2095,2100,2098,3,False
EDF,819,Brake,High,2100,2105,2111,11,True
EDF,820,Steering,High,2100,2110,2117,17,True
EDF,821,Engine,High,2100,2120,2126,26,True
EDF,822,Sensor,Medium,2100,2150,2154,54,True
EDF,823,Diagnostics,Low,2100,2200,2220,120,True
EDF,824,Burst,Medium,2100,2105,2113,13,True
EDF,825,Brake,High,2105,2110,2114,9,True
EDF,826,Burst,Medium,2105,2110,2116,11,True
EDF,827,Brake,High,2110,2115,2118,8,True
EDF,828,Steering,High,2110,2120,2124,14,True
EDF,829,Burst,Medium,2110,2115,2120,10,True
EDF,830,Brake,High,2115,2120,2121,6,True
EDF,831,Burst,Medium,2115,2120,2123,8,True
EDF,832,Brake,High,2120,2125,2127,7,True
EDF,833,Steering,High,2120,2130,2133,13,True
EDF,834,Engine,High,2120,2140,2142,22,True
EDF,835,Burst,Medium,2120,2125,2129,9,True
EDF,836,Brake,High,2125,2130,2130,5,False
EDF,837,Burst,Medium,2125,2130,2132,7,True
EDF,838,Brake,High,2130,2135,2134,4,False
EDF,839,Steering,High,2130,2140,2140,10,False
EDF,840,Burst,Medium,2130,2135,2136,6,True
EDF,841,Brake,High,2135,2140,2137,2,False
EDF,842,Burst,Medium,2135,2140,2139,4,False
EDF,843,Brake,High,2140,2145,2143,3,False
EDF,844,Steering,High,2140,2150,2149,9,False
EDF,845,Engine,High,2140,2160,2163,23,True
EDF,846,Burst,Medium,2140,2145,2145,5,False
EDF,847,Brake,High,2145,2150,2146,1,False
EDF,848,Burst,Medium,2145,2150,2148,3,False
EDF,849,Brake,High,2150,2155,2155,5,False
EDF,850,Steering,High,2150,2160,2161,11,True
EDF,851,Sensor,Medium,2150,2200,2200,50,False
EDF,852,Burst,Medium,2150,2155,2157,7,True
EDF,853,Brake,High,2155,2160,2158,3,False
EDF,854,Burst,Medium,2155,2160,2160,5,False
EDF,855,Brake,High,2160,2165,2164,4,False
EDF,856,Steering,High,2160,2170,2170,10,False
EDF,857,Engine,High,2160,2180,2179,19,False
EDF,858,Burst,Medium,2160,2165,2166,6,True
EDF,859,Brake,High,2165,2170,2167,2,False
EDF,860,Burst,Medium,2165,2170,2169,4,False
EDF,861,Brake,High,2170,2175,2171,1,False
EDF,862,Steering,High,2170,2180,2174,4,False
EDF,863,Burst,Medium,2170,2175,2173,3,False
EDF,864,Brake,High,2175,2180,2176,1,False
EDF,865,Burst,Medium,2175,2180,2178,3,False
EDF,866,Brake,High,2180,2185,2181,1,False
EDF,867,Steering,High,2180,2190,2184,4,False
EDF,868,Engine,High,2180,2200,2189,9,False
EDF,869,Burst,Medium,2180,2185,2183,3,False
EDF,870,Brake,High,2185,2190,2186,1,False
EDF,871,Burst,Medium,2185,2190,2188,3,False
EDF,872,Brake,High,2190,2195,2191,1,False
EDF,873,Steering,High,2190,2200,2194,4,False
EDF,874,Burst,Medium,2190,2195,2193,3,False
EDF,875,Brake,High,2195,2200,2196,1,False
EDF,876,Burst,Medium,2195,2200,2198,3,False
EDF,877,Brake,High,2200,2205,2221,21,True
EDF,878,Steering,High,2200,2210,2227,27,True
EDF,879,Engine,High,2200,2220,2236,36,True
EDF,880,Sensor,Medium,2200,2250,2264,64,True
EDF,881,Diagnostics,Low,2200,2300,2330,130,True
EDF,882,Burst,Medium,2200,2205,2223,23,True
EDF,883,Brake,High,2205,2210,2224,19,True
EDF,884,Burst,Medium,2205,2210,2226,21,True
EDF,885,Brake,High,2210,2215,2228,18,True
EDF,886,Steering,High,2210,2220,2234,24,True
EDF,887,Burst,Medium,2210,2215,2230,20,True
EDF,888,Brake,High,2215,2220,2231,16,True
EDF,889,Burst,Medium,2215,2220,2233,18,True
EDF,890,Brake,High,2220,2225,2237,17,True
EDF,891,Steering,High,2220,2230,2243,23,True
EDF,892,Engine,High,2220,2240,2252,32,True
EDF,893,Burst,Medium,2220,2225,2239,19,True
EDF,894,Brake,High,2225,2230,2240,15,True
EDF,895,Burst,Medium,2225,2230,2242,17,True
EDF,896,Brake,High,2230,2235,2244,14,True
EDF,897,Steering,High,2230,2240,2250,20,True
EDF,898,Burst,Medium,2230,2235,2246,16,True
EDF,899,Brake,High,2235,2240,2247,12,True
EDF,900,Burst,Medium,2235,2240,2249,14,True
EDF,901,Brake,High,2240,2245,2253,13,True
EDF,902,Steering,High,2240,2250,2259,19,True
EDF,903,Engine,High,2240,2260,2273,33,True
EDF,904,Burst,Medium,2240,2245,2255,15,True
EDF,905,Brake,High,2245,2250,2256,11,True
EDF,906,Burst,Medium,2245,2250,2258,13,True
EDF,907,Brake,High,2250,2255,2265,15,True
EDF,908,Steering,High,2250,2260,2271,21,True
EDF,909,Sensor,Medium,2250,2300,2310,60,True
EDF,910,Burst,Medium,2250,2255,2267,17,True
EDF,911,Brake,High,2255,2260,2268,13,True
EDF,912,Burst,Medium,2255,2260,2270,15,True
EDF,913,Brake,High,2260,2265,2274,14,True
EDF,914,Steering,High,2260,2270,2280,20,True
EDF,915,Engine,High,2260,2280,2289,29,True
EDF,916,Burst,Medium,2260,2265,2276,16,True
EDF,917,Brake,High,2265,2270,2277,12,True
EDF,918,Burst,Medium,2265,2270,2279,14,True
EDF,919,Brake,High,2270,2275,2281,11,True
EDF,920,Steering,High,2270,2280,2287,17,True
EDF,921,Burst,Medium,2270,2275,2283,13,True
EDF,922,Brake,High,2275,2280,2284,9,True
EDF,923,Burst,Medium,2275,2280,2286,11,True
EDF,924,Brake,High,2280,2285,2290,10,True
EDF,925,Steering,High,2280,2290,2296,16,True
EDF,926,Engine,High,2280,2300,2305,25,True
EDF,927,Burst,Medium,2280,2285,2292,12,True
EDF,928,Brake,High,2285,2290,2293,8,True
EDF,929,Burst,Medium,2285,2290,2295,10,True
EDF,930,Brake,High,2290,2295,2297,7,True
EDF,931,Steering,High,2290,2300,2303,13,True
EDF,932,Burst,Medium,2290,2295,2299,9,True
EDF,933,Brake,High,2295,2300,2300,5,False
EDF,934,Burst,Medium,2295,2300,2302,7,True
EDF,935,Brake,High,2300,2305,2331,31,True
EDF,936,Steering,High,2300,2310,2337,37,True
EDF,937,Engine,High,2300,2320,2346,46,True
EDF,938,Sensor,Medium,2300,2350,2374,74,True
EDF,939,Diagnostics,Low,2300,2400,2440,140,True
EDF,940,Burst,Medium,2300,2305,2333,33,True
EDF,941,Brake,High,2305,2310,2334,29,True
EDF,942,Burst,Medium,2305,2310,2336,31,True
EDF,943,Brake,High,2310,2315,2338,28,True
EDF,944,Steering,High,2310,2320,2344,34,True
EDF,945,Burst,Medium,2310,2315,2340,30,True
EDF,946,Brake,High,2315,2320,2341,26,True
EDF,947,Burst,Medium,2315,2320,2343,28,True
EDF,948,Brake,High,2320,2325,2347,27,True
EDF,949,Steering,High,2320,2330,2353,33,True
EDF,950,Engine,High,2320,2340,2362,42,True
EDF,951,Burst,Medium,2320,2325,2349,29,True
EDF,952,Brake,High,2325,2330,2350,25,True
EDF,953,Burst,Medium,2325,2330,2352,27,True
EDF,954,Brake,High,2330,2335,2354,24,True
EDF,955,Steering,High,2330,2340,2360,30,True
EDF,956,Burst,Medium,2330,2335,2356,26,True
EDF,957,Brake,High,2335,2340,2357,22,True
EDF,958,Burst,Medium,2335,2340,2359,24,True
EDF,959,Brake,High,2340,2345,2363,23,True
EDF,960,Steering,High,2340,2350,2369,29,True
EDF,961,Engine,High,2340,2360,2383,43,True
EDF,962,Burst,Medium,2340,2345,2365,25,True
EDF,963,Brake,High,2345,2350,2366,21,True
EDF,964,Burst,Medium,2345,2350,2368,23,True
EDF,965,Brake,High,2350,2355,2375,25,True
EDF,966,Steering,High,2350,2360,2381,31,True
EDF,967,Sensor,Medium,2350,2400,2420,70,True
EDF,968,Burst,Medium,2350,2355,2377,27,True
EDF,969,Brake,High,2355,2360,2378,23,True
EDF,970,Burst,Medium,2355,2360,2380,25,True
EDF,971,Brake,High,2360,2365,2384,24,True
EDF,972,Steering,High,2360,2370,2390,30,True
EDF,973,Engine,High,2360,2380,2399,39,True
EDF,974,Burst,Medium,2360,2365,2386,26,True
EDF,975,Brake,High,2365,2370,2387,22,True
EDF,976,Burst,Medium,2365,2370,2389,24,True
EDF,977,Brake,High,2370,2375,2391,21,True
EDF,978,Steering,High,2370,2380,2397,27,True
EDF,979,Burst,Medium,2370,2375,2393,23,True
EDF,980,Brake,High,2375,2380,2394,19,True
EDF,981,Burst,Medium,2375,2380,2396,21,True
EDF,982,Brake,High,2380,2385,2400,20,True
EDF,983,Steering,High,2380,2390,2406,26,True
EDF,984,Engine,High,2380,2400,2415,35,True
EDF,985,Burst,Medium,2380,2385,2402,22,True
EDF,986,Brake,High,2385,2390,2403,18,True
EDF,987,Burst,Medium,2385,2390,2405,20,True
EDF,988,Brake,High,2390,2395,2407,17,True
EDF,989,Steering,High,2390,2400,2413,23,True
EDF,990,Burst,Medium,2390,2395,2409,19,True
EDF,991,Brake,High,2395,2400,2410,15,True
EDF,992,Burst,Medium,2395,2400,2412,17,True
EDF,993,Brake,High,2400,2405,2441,41,True
EDF,994,Steering,High,2400,2410,2447,47,True
EDF,995,Engine,High,2400,2420,2456,56,True
EDF,996,Sensor,Medium,2400,2450,2484,84,True
EDF,997,Diagnostics,Low,2400,2500,2550,150,True
EDF,998,Burst,Medium,2400,2405,2443,43,True
EDF,999,Brake,High,2405,2410,2444,39,True
EDF,1000,Burst,Medium,2405,2410,2446,41,True
EDF,1001,Brake,High,2410,2415,2448,38,True
EDF,1002,Steering,High,2410,2420,2454,44,True
EDF,1003,Burst,Medium,2410,2415,2450,40,True
EDF,1004,Brake,High,2415,2420,2451,36,True
EDF,1005,Burst,Medium,2415,2420,2453,38,True
EDF,1006,Brake,High,2420,2425,2457,37,True
EDF,1007,Steering,High,2420,2430,2463,43,True
EDF,1008,Engine,High,2420,2440,2472,52,True
EDF,1009,Burst,Medium,2420,2425,2459,39,True
EDF,1010,Brake,High,2425,2430,2460,35,True
EDF,1011,Burst,Medium,2425,2430,2462,37,True
EDF,1012,Brake,High,2430,2435,2464,34,True
EDF,1013,Steering,High,2430,2440,2470,40,True
EDF,1014,Burst,Medium,2430,2435,2466,36,True
EDF,1015,Brake,High,2435,2440,2467,32,True
EDF,1016,Burst,Medium,2435,2440,2469,34,True
EDF,1017,Brake,High,2440,2445,2473,33,True
EDF,1018,Steering,High,2440,2450,2479,39,True
EDF,1019,Engine,High,2440,2460,2493,53,True
EDF,1020,Burst,Medium,2440,2445,2475,35,True
EDF,1021,Brake,High,2445,2450,2476,31,True
EDF,1022,Burst,Medium,2445,2450,2478,33,True
EDF,1023,Brake,High,2450,2455,2485,35,True
EDF,1024,Steering,High,2450,2460,2491,41,True
EDF,1025,Sensor,Medium,2450,2500,2530,80,True
EDF,1026,Burst,Medium,2450,2455,2487,37,True
EDF,1027,Brake,High,2455,2460,2488,33,True
EDF,1028,Burst,Medium,2455,2460,2490,35,True
EDF,1029,Brake,High,2460,2465,2494,34,True
EDF,1030,Steering,High,2460,2470,2500,40,True
EDF,1031,Engine,High,2460,2480,2509,49,True
EDF,1032,Burst,Medium,2460,2465,2496,36,True
EDF,1033,Brake,High,2465,2470,2497,32,True
EDF,1034,Burst,Medium,2465,2470,2499,34,True
EDF,1035,Brake,High,2470,2475,2501,31,True
EDF,1036,Steering,High,2470,2480,2507,37,True
EDF,1037,Burst,Medium,2470,2475,2503,33,True
EDF,1038,Brake,High,2475,2480,2504,29,True
EDF,1039,Burst,Medium,2475,2480,2506,31,True
EDF,1040,Brake,High,2480,2485,2510,30,True
EDF,1041,Steering,High,2480,2490,2516,36,True
EDF,1042,Engine,High,2480,2500,2525,45,True
EDF,1043,Burst,Medium,2480,2485,2512,32,True
EDF,1044,Brake,High,2485,2490,2513,28,True
EDF,1045,Burst,Medium,2485,2490,2515,30,True
EDF,1046,Brake,High,2490,2495,2517,27,True
EDF,1047,Steering,High,2490,2500,2523,33,True
EDF,1048,Burst,Medium,2490,2495,2519,29,True
EDF,1049,Brake,High,2495,2500,2520,25,True
EDF,1050,Burst,Medium,2495,2500,2522,27,True
EDF,1051,Brake,High,2500,2505,2551,51,True
EDF,1052,Steering,High,2500,2510,2553,53,True
EDF,1053,Engine,High,2500,2520,2558,58,True
EDF,1054,Sensor,Medium,2500,2550,2574,74,True
EDF,1055,Diagnostics,Low,2500,2600,2620,120,True
EDF,1056,Brake,High,2505,2510,2552,47,True
EDF,1057,Brake,High,2510,2515,2554,44,True
EDF,1058,Steering,High,2510,2520,2556,46,True
EDF,1059,Brake,High,2515,2520,2555,40,True
EDF,1060,Brake,High,2520,2525,2559,39,True
EDF,1061,Steering,High,2520,2530,2561,41,True
EDF,1062,Engine,High,2520,2540,2566,46,True
EDF,1063,Brake,High,2525,2530,2560,35,True
EDF,1064,Brake,High,2530,2535,2562,32,True
EDF,1065,Steering,High,2530,2540,2564,34,True
EDF,1066,Brake,High,2535,2540,2563,28,True
EDF,1067,Brake,High,2540,2545,2567,27,True
EDF,1068,Steering,High,2540,2550,2569,29,True
EDF,1069,Engine,High,2540,2560,2579,39,True
EDF,1070,Brake,High,2545,2550,2568,23,True
EDF,1071,Brake,High,2550,2555,2575,25,True
EDF,1072,Steering,High,2550,2560,2577,27,True
EDF,1073,Sensor,Medium,2550,2600,2600,50,False
EDF,1074,Brake,High,2555,2560,2576,21,True
EDF,1075,Brake,High,2560,2565,2580,20,True
EDF,1076,Steering,High,2560,2570,2582,22,True
EDF,1077,Engine,High,2560,2580,2587,27,True
EDF,1078,Brake,High,2565,2570,2581,16,True
EDF,1079,Brake,High,2570,2575,2583,13,True
EDF,1080,Steering,High,2570,2580,2585,15,True
EDF,1081,Brake,High,2575,2580,2584,9,True
EDF,1082,Brake,High,2580,2585,2588,8,True
EDF,1083,Steering,High,2580,2590,2590,10,False
EDF,1084,Engine,High,2580,2600,2594,14,False
EDF,1085,Brake,High,2585,2590,2589,4,False
EDF,1086,Brake,High,2590,2595,2591,1,False
EDF,1087,Steering,High,2590,2600,2592,2,False
EDF,1088,Brake,High,2595,2600,2596,1,False
EDF,1089,Brake,High,2600,2605,2621,21,True
EDF,1090,Steering,High,2600,2610,2623,23,True
EDF,1091,Engine,High,2600,2620,2628,28,True
EDF,1092,Sensor,Medium,2600,2650,2643,43,False
EDF,1093,Diagnostics,Low,2600,2700,2687,87,False
EDF,1094,Brake,High,2605,2610,2622,17,True
EDF,1095,Brake,High,2610,2615,2624,14,True
EDF,1096,Steering,High,2610,2620,2626,16,True
EDF,1097,Brake,High,2615,2620,2625,10,True
EDF,1098,Brake,High,2620,2625,2629,9,True
EDF,1099,Steering,High,2620,2630,2631,11,True
EDF,1100,Engine,High,2620,2640,2635,15,False
EDF,1101,Brake,High,2625,2630,2630,5,False
EDF,1102,Brake,High,2630,2635,2632,2,False
EDF,1103,Steering,High,2630,2640,2633,3,False
EDF,1104,Brake,High,2635,2640,2636,1,False
EDF,1105,Brake,High,2640,2645,2641,1,False
EDF,1106,Steering,High,2640,2650,2642,2,False
EDF,1107,Engine,High,2640,2660,2645,5,False
EDF,1108,Brake,High,2645,2650,2646,1,False
EDF,1109,Brake,High,2650,2655,2651,1,False
EDF,1110,Steering,High,2650,2660,2652,2,False
EDF,1111,Sensor,Medium,2650,2700,2658,8,False
EDF,1112,Brake,High,2655,2660,2656,1,False
EDF,1113,Brake,High,2660,2665,2661,1,False
EDF,1114,Steering,High,2660,2670,2662,2,False
EDF,1115,Engine,High,2660,2680,2664,4,False
EDF,1116,Brake,High,2665,2670,2666,1,False
EDF,1117,Brake,High,2670,2675,2671,1,False
EDF,1118,Steering,High,2670,2680,2672,2,False
EDF,1119,Brake,High,2675,2680,2676,1,False
EDF,1120,Brake,High,2680,2685,2681,1,False
EDF,1121,Steering,High,2680,2690,2682,2,False
EDF,1122,Engine,High,2680,2700,2684,4,False
EDF,1123,Brake,High,2685,2690,2686,1,False
EDF,1124,Brake,High,2690,2695,2691,1,False
EDF,1125,Steering,High,2690,2700,2692,2,False
EDF,1126,Brake,High,2695,2700,2696,1,False
EDF,1127,Brake,High,2700,2705,2701,1,False
EDF,1128,Steering,High,2700,2710,2702,2,False
EDF,1129,Engine,High,2700,2720,2704,4,False
EDF,1130,Sensor,Medium,2700,2750,2710,10,False
EDF,1131,Diagnostics,Low,2700,2800,2745,45,False
EDF,1132,Brake,High,2705,2710,2706,1,False
EDF,1133,Brake,High,2710,2715,2711,1,False
EDF,1134,Steering,High,2710,2720,2712,2,False
EDF,1135,Brake,High,2715,2720,2716,1,False
EDF,1136,Brake,High,2720,2725,2721,1,False
EDF,1137,Steering,High,2720,2730,2722,2,False
EDF,1138,Engine,High,2720,2740,2724,4,False
EDF,1139,Brake,High,2725,2730,2726,1,False
EDF,1140,Brake,High,2730,2735,2731,1,False
EDF,1141,Steering,High,2730,2740,2732,2,False
EDF,1142,Brake,High,2735,2740,2736,1,False
EDF,1143,Brake,High,2740,2745,2741,1,False
EDF,1144,Steering,High,2740,2750,2742,2,False
EDF,1145,Engine,High,2740,2760,2744,4,False
EDF,1146,Brake,High,2745,2750,2746,1,False
EDF,1147,Brake,High,2750,2755,2751,1,False
EDF,1148,Steering,High,2750,2760,2752,2,False
EDF,1149,Sensor,Medium,2750,2800,2758,8,False
EDF,1150,Brake,High,2755,2760,2756,1,False
EDF,1151,Brake,High,2760,2765,2761,1,False
EDF,1152,Steering,High,2760,2770,2762,2,False
EDF,1153,Engine,High,2760,2780,2764,4,False
EDF,1154,Brake,High,2765,2770,2766,1,False
EDF,1155,Brake,High,2770,2775,2771,1,False
EDF,1156,Steering,High,2770,2780,2772,2,False
EDF,1157,Brake,High,2775,2780,2776,1,False
EDF,1158,Brake,High,2780,2785,2781,1,False
EDF,1159,Steering,High,2780,2790,2782,2,False
EDF,1160,Engine,High,2780,2800,2784,4,False
EDF,1161,Brake,High,2785,2790,2786,1,False
EDF,1162,Brake,High,2790,2795,2791,1,False
EDF,1163,Steering,High,2790,2800,2792,2,False
EDF,1164,Brake,High,2795,2800,2796,1,False
EDF,1165,Brake,High,2800,2805,2801,1,False
EDF,1166,Steering,High,2800,2810,2802,2,False
EDF,1167,Engine,High,2800,2820,2804,4,False
EDF,1168,Sensor,Medium,2800,2850,2810,10,False
EDF,1169,Diagnostics,Low,2800,2900,2845,45,False
EDF,1170,Brake,High,2805,2810,2806,1,False
EDF,1171,Brake,High,2810,2815,2811,1,False
EDF,1172,Steering,High,2810,2820,2812,2,False
EDF,1173,Brake,High,2815,2820,2816,1,False
EDF,1174,Brake,High,2820,2825,2821,1,False
EDF,1175,Steering,High,2820,2830,2822,2,False
EDF,1176,Engine,High,2820,2840,2824,4,False
EDF,1177,Brake,High,2825,2830,2826,1,False
EDF,1178,Brake,High,2830,2835,2831,1,False
EDF,1179,Steering,High,2830,2840,2832,2,False
EDF,1180,Brake,High,2835,2840,2836,1,False
EDF,1181,Brake,High,2840,2845,2841,1,False
EDF,1182,Steering,High,2840,2850,2842,2,False
EDF,1183,Engine,High,2840,2860,2844,4,False
EDF,1184,Brake,High,2845,2850,2846,1,False
EDF,1185,Brake,High,2850,2855,2851,1,False
EDF,1186,Steering,High,2850,2860,2852,2,False
EDF,1187,Sensor,Medium,2850,2900,2858,8,False
EDF,1188,Brake,High,2855,2860,2856,1,False
EDF,1189,Brake,High,2860,2865,2861,1,False
EDF,1190,Steering,High,2860,2870,2862,2,False
EDF,1191,Engine,High,2860,2880,2864,4,False
EDF,1192,Brake,High,2865,2870,2866,1,False
EDF,1193,Brake,High,2870,2875,2871,1,False
EDF,1194,Steering,High,2870,2880,2872,2,False
EDF,1195,Brake,High,2875,2880,2876,1,False
EDF,1196,Brake,High,2880,2885,2881,1,False
EDF,1197,Steering,High,2880,2890,2882,2,False
EDF,1198,Engine,High,2880,2900,2884,4,False
EDF,1199,Brake,High,2885,2890,2886,1,False
EDF,1200,Brake,High,2890,2895,2891,1,False
EDF,1201,Steering,High,2890,2900,2892,2,False
EDF,1202,Brake,High,2895,2900,2896,1,False
EDF,1203,Brake,High,2900,2905,2901,1,False
EDF,1204,Steering,High,2900,2910,2902,2,False
EDF,1205,Engine,High,2900,2920,2904,4,False
EDF,1206,Sensor,Medium,2900,2950,2910,10,False
EDF,1207,Diagnostics,Low,2900,3000,2945,45,False
EDF,1208,Brake,High,2905,2910,2906,1,False
EDF,1209,Brake,High,2910,2915,2911,1,False
EDF,1210,Steering,High,2910,2920,2912,2,False
EDF,1211,Brake,High,2915,2920,2916,1,False
EDF,1212,Brake,High,2920,2925,2921,1,False
EDF,1213,Steering,High,2920,2930,2922,2,False
EDF,1214,Engine,High,2920,2940,2924,4,False
EDF,1215,Brake,High,2925,2930,2926,1,False
EDF,1216,Brake,High,2930,2935,2931,1,False
EDF,1217,Steering,High,2930,2940,2932,2,False
EDF,1218,Brake,High,2935,2940,2936,1,False
EDF,1219,Brake,High,2940,2945,2941,1,False
EDF,1220,Steering,High,2940,2950,2942,2,False
EDF,1221,Engine,High,2940,2960,2944,4,False
EDF,1222,Brake,High,2945,2950,2946,1,False
EDF,1223,Brake,High,2950,2955,2951,1,False
EDF,1224,Steering,High,2950,2960,2952,2,False
EDF,1225,Sensor,Medium,2950,3000,2958,8,False
EDF,1226,Brake,High,2955,2960,2956,1,False
EDF,1227,Brake,High,2960,2965,2961,1,False
EDF,1228,Steering,High,2960,2970,2962,2,False
EDF,1229,Engine,High,2960,2980,2964,4,False
EDF,1230,Brake,High,2965,2970,2966,1,False
EDF,1231,Brake,High,2970,2975,2971,1,False
EDF,1232,Steering,High,2970,2980,2972,2,False
EDF,1233,Brake,High,2975,2980,2976,1,False
EDF,1234,Brake,High,2980,2985,2981,1,False
EDF,1235,Steering,High,2980,2990,2982,2,False
EDF,1236,Engine,High,2980,3000,2984,4,False
EDF,1237,Brake,High,2985,2990,2986,1,False
EDF,1238,Brake,High,2990,2995,2991,1,False
EDF,1239,Steering,High,2990,3000,2992,2,False
EDF,1240,Brake,High,2995,3000,2996,1,False
EDF,1241,Brake,High,3000,3005,3001,1,False
EDF,1242,Steering,High,3000,3010,3002,2,False
EDF,1243,Engine,High,3000,3020,3004,4,False
EDF,1244,Sensor,Medium,3000,3050,3010,10,False
EDF,1245,Diagnostics,Low,3000,3100,3045,45,False
EDF,1246,Brake,High,3005,3010,3006,1,False
EDF,1247,Brake,High,3010,3015,3011,1,False
EDF,1248,Steering,High,3010,3020,3012,2,False
EDF,1249,Brake,High,3015,3020,3016,1,False
EDF,1250,Brake,High,3020,3025,3021,1,False
EDF,1251,Steering,High,3020,3030,3022,2,False
EDF,1252,Engine,High,3020,3040,3024,4,False
EDF,1253,Brake,High,3025,3030,3026,1,False
EDF,1254,Brake,High,3030,3035,3031,1,False
EDF,1255,Steering,High,3030,3040,3032,2,False
EDF,1256,Brake,High,3035,3040,3036,1,False
EDF,1257,Brake,High,3040,3045,3041,1,False
EDF,1258,Steering,High,3040,3050,3042,2,False
EDF,1259,Engine,High,3040,3060,3044,4,False
EDF,1260,Brake,High,3045,3050,3046,1,False
EDF,1261,Brake,High,3050,3055,3051,1,False
EDF,1262,Steering,High,3050,3060,3052,2,False
EDF,1263,Sensor,Medium,3050,3100,3058,8,False
EDF,1264,Brake,High,3055,3060,3056,1,False
EDF,1265,Brake,High,3060,3065,3061,1,False
EDF,1266,Steering,High,3060,3070,3062,2,False
EDF,1267,Engine,High,3060,3080,3064,4,False
EDF,1268,Brake,High,3065,3070,3066,1,False
EDF,1269,Brake,High,3070,3075,3071,1,False
EDF,1270,Steering,High,3070,3080,3072,2,False
EDF,1271,Brake,High,3075,3080,3076,1,False
EDF,1272,Brake,High,3080,3085,3081,1,False
EDF,1273,Steering,High,3080,3090,3082,2,False
EDF,1274,Engine,High,3080,3100,3084,4,False
EDF,1275,Brake,High,3085,3090,3086,1,False
EDF,1276,Brake,High,3090,3095,3091,1,False
EDF,1277,Steering,High,3090,3100,3092,2,False
EDF,1278,Brake,High,3095,3100,3096,1,False
EDF,1279,Brake,High,3100,3105,3101,1,False
EDF,1280,Steering,High,3100,3110,3102,2,False
EDF,1281,Engine,High,3100,3120,3104,4,False
EDF,1282,Sensor,Medium,3100,3150,3110,10,False
EDF,1283,Diagnostics,Low,3100,3200,3145,45,False
EDF,1284,Brake,High,3105,3110,3106,1,False
EDF,1285,Brake,High,3110,3115,3111,1,False
EDF,1286,Steering,High,3110,3120,3112,2,False
EDF,1287,Brake,High,3115,3120,3116,1,False
EDF,1288,Brake,High,3120,3125,3121,1,False
EDF,1289,Steering,High,3120,3130,3122,2,False
EDF,1290,Engine,High,3120,3140,3124,4,False
EDF,1291,Brake,High,3125,3130,3126,1,False
EDF,1292,Brake,High,3130,3135,3131,1,False
EDF,1293,Steering,High,3130,3140,3132,2,False
EDF,1294,Brake,High,3135,3140,3136,1,False
EDF,1295,Brake,High,3140,3145,3141,1,False
EDF,1296,Steering,High,3140,3150,3142,2,False
EDF,1297,Engine,High,3140,3160,3144,4,False
EDF,1298,Brake,High,3145,3150,3146,1,False
EDF,1299,Brake,High,3150,3155,3151,1,False
EDF,1300,Steering,High,3150,3160,3152,2,False
EDF,1301,Sensor,Medium,3150,3200,3158,8,False
EDF,1302,Brake,High,3155,3160,3156,1,False
EDF,1303,Brake,High,3160,3165,3161,1,False
EDF,1304,Steering,High,3160,3170,3162,2,False
EDF,1305,Engine,High,3160,3180,3164,4,False
EDF,1306,Brake,High,3165,3170,3166,1,False
EDF,1307,Brake,High,3170,3175,3171,1,False
EDF,1308,Steering,High,3170,3180,3172,2,False
EDF,1309,Brake,High,3175,3180,3176,1,False
EDF,1310,Brake,High,3180,3185,3181,1,False
EDF,1311,Steering,High,3180,3190,3182,2,False
EDF,1312,Engine,High,3180,3200,3184,4,False
EDF,1313,Brake,High,3185,3190,3186,1,False
EDF,1314,Brake,High,3190,3195,3191,1,False
EDF,1315,Steering,High,3190,3200,3192,2,False
EDF,1316,Brake,High,3195,3200,3196,1,False
EDF,1317,Brake,High,3200,3205,3201,1,False
EDF,1318,Steering,High,3200,3210,3202,2,False
EDF,1319,Engine,High,3200,3220,3204,4,False
EDF,1320,Sensor,Medium,3200,3250,3210,10,False
EDF,1321,Diagnostics,Low,3200,3300,3245,45,False
EDF,1322,Brake,High,3205,3210,3206,1,False
EDF,1323,Brake,High,3210,3215,3211,1,False
EDF,1324,Steering,High,3210,3220,3212,2,False
EDF,1325,Brake,High,3215,3220,3216,1,False
EDF,1326,Brake,High,3220,3225,3221,1,False
EDF,1327,Steering,High,3220,3230,3222,2,False
EDF,1328,Engine,High,3220,3240,3224,4,False
EDF,1329,Brake,High,3225,3230,3226,1,False
EDF,1330,Brake,High,3230,3235,3231,1,False
EDF,1331,Steering,High,3230,3240,3232,2,False
EDF,1332,Brake,High,3235,3240,3236,1,False
EDF,1333,Brake,High,3240,3245,3241,1,False
EDF,1334,Steering,High,3240,3250,3242,2,False
EDF,1335,Engine,High,3240,3260,3244,4,False
EDF,1336,Brake,High,3245,3250,3246,1,False
EDF,1337,Brake,High,3250,3255,3251,1,False
EDF,1338,Steering,High,3250,3260,3252,2,False
EDF,1339,Sensor,Medium,3250,3300,3258,8,False
EDF,1340,Brake,High,3255,3260,3256,1,False
EDF,1341,Brake,High,3260,3265,3261,1,False
EDF,1342,Steering,High,3260,3270,3262,2,False
EDF,1343,Engine,High,3260,3280,3264,4,False
EDF,1344,Brake,High,3265,3270,3266,1,False
EDF,1345,Brake,High,3270,3275,3271,1,False
EDF,1346,Steering,High,3270,3280,3272,2,False
EDF,1347,Brake,High,3275,3280,3276,1,False
EDF,1348,Brake,High,3280,3285,3281,1,False
EDF,1349,Steering,High,3280,3290,3282,2,False
EDF,1350,Engine,High,3280,3300,3284,4,False
EDF,1351,Brake,High,3285,3290,3286,1,False
EDF,1352,Brake,High,3290,3295,3291,1,False
EDF,1353,Steering,High,3290,3300,3292,2,False
EDF,1354,Brake,High,3295,3300,3296,1,False
EDF,1355,Brake,High,3300,3305,3301,1,False
EDF,1356,Steering,High,3300,3310,3302,2,False
EDF,1357,Engine,High,3300,3320,3304,4,False
EDF,1358,Sensor,Medium,3300,3350,3310,10,False
EDF,1359,Diagnostics,Low,3300,3400,3345,45,False
EDF,1360,Brake,High,3305,3310,3306,1,False
EDF,1361,Brake,High,3310,3315,3311,1,False
EDF,1362,Steering,High,3310,3320,3312,2,False
EDF,1363,Brake,High,3315,3320,3316,1,False
EDF,1364,Brake,High,3320,3325,3321,1,False
EDF,1365,Steering,High,3320,3330,3322,2,False
EDF,1366,Engine,High,3320,3340,3324,4,False
EDF,1367,Brake,High,3325,3330,3326,1,False
EDF,1368,Brake,High,3330,3335,3331,1,False
EDF,1369,Steering,High,3330,3340,3332,2,False
EDF,1370,Brake,High,3335,3340,3336,1,False
EDF,1371,Brake,High,3340,3345,3341,1,False
EDF,1372,Steering,High,3340,3350,3342,2,False
EDF,1373,Engine,High,3340,3360,3344,4,False
EDF,1374,Brake,High,3345,3350,3346,1,False
EDF,1375,Brake,High,3350,3355,3351,1,False
EDF,1376,Steering,High,3350,3360,3352,2,False
EDF,1377,Sensor,Medium,3350,3400,3358,8,False
EDF,1378,Brake,High,3355,3360,3356,1,False
EDF,1379,Brake,High,3360,3365,3361,1,False
EDF,1380,Steering,High,3360,3370,3362,2,False
EDF,1381,Engine,High,3360,3380,3364,4,False
EDF,1382,Brake,High,3365,3370,3366,1,False
EDF,1383,Brake,High,3370,3375,3371,1,False
EDF,1384,Steering,High,3370,3380,3372,2,False
EDF,1385,Brake,High,3375,3380,3376,1,False
EDF,1386,Brake,High,3380,3385,3381,1,False
EDF,1387,Steering,High,3380,3390,3382,2,False
EDF,1388,Engine,High,3380,3400,3384,4,False
EDF,1389,Brake,High,3385,3390,3386,1,False
EDF,1390,Brake,High,3390,3395,3391,1,False
EDF,1391,Steering,High,3390,3400,3392,2,False
EDF,1392,Brake,High,3395,3400,3396,1,False
EDF,1393,Brake,High,3400,3405,3401,1,False
EDF,1394,Steering,High,3400,3410,3402,2,False
EDF,1395,Engine,High,3400,3420,3404,4,False
EDF,1396,Sensor,Medium,3400,3450,3410,10,False
EDF,1397,Diagnostics,Low,3400,3500,3445,45,False
EDF,1398,Brake,High,3405,3410,3406,1,False
EDF,1399,Brake,High,3410,3415,3411,1,False
EDF,1400,Steering,High,3410,3420,3412,2,False
EDF,1401,Brake,High,3415,3420,3416,1,False
EDF,1402,Brake,High,3420,3425,3421,1,False
EDF,1403,Steering,High,3420,3430,3422,2,False
EDF,1404,Engine,High,3420,3440,3424,4,False
EDF,1405,Brake,High,3425,3430,3426,1,False
EDF,1406,Brake,High,3430,3435,3431,1,False
EDF,1407,Steering,High,3430,3440,3432,2,False
EDF,1408,Brake,High,3435,3440,3436,1,False
EDF,1409,Brake,High,3440,3445,3441,1,False
EDF,1410,Steering,High,3440,3450,3442,2,False
EDF,1411,Engine,High,3440,3460,3444,4,False
EDF,1412,Brake,High,3445,3450,3446,1,False
EDF,1413,Brake,High,3450,3455,3451,1,False
EDF,1414,Steering,High,3450,3460,3452,2,False
EDF,1415,Sensor,Medium,3450,3500,3458,8,False
EDF,1416,Brake,High,3455,3460,3456,1,False
EDF,1417,Brake,High,3460,3465,3461,1,False
EDF,1418,Steering,High,3460,3470,3462,2,False
EDF,1419,Engine,High,3460,3480,3464,4,False
EDF,1420,Brake,High,3465,3470,3466,1,False
EDF,1421,Brake,High,3470,3475,3471,1,False
EDF,1422,Steering,High,3470,3480,3472,2,False
EDF,1423,Brake,High,3475,3480,3476,1,False
EDF,1424,Brake,High,3480,3485,3481,1,False
EDF,1425,Steering,High,3480,3490,3482,2,False
EDF,1426,Engine,High,3480,3500,3484,4,False
EDF,1427,Brake,High,3485,3490,3486,1,False
EDF,1428,Brake,High,3490,3495,3491,1,False
EDF,1429,Steering,High,3490,3500,3492,2,False
EDF,1430,Brake,High,3495,3500,3496,1,False
EDF,1431,Brake,High,3500,3505,3501,1,False
EDF,1432,Steering,High,3500,3510,3502,2,False
EDF,1433,Engine,High,3500,3520,3504,4,False
EDF,1434,Sensor,Medium,3500,3550,3510,10,False
EDF,1435,Diagnostics,Low,3500,3600,3545,45,False
EDF,1436,Brake,High,3505,3510,3506,1,False
EDF,1437,Brake,High,3510,3515,3511,1,False
EDF,1438,Steering,High,3510,3520,3512,2,False
EDF,1439,Brake,High,3515,3520,3516,1,False
EDF,1440,Brake,High,3520,3525,3521,1,False
EDF,1441,Steering,High,3520,3530,3522,2,False
EDF,1442,Engine,High,3520,3540,3524,4,False
EDF,1443,Brake,High,3525,3530,3526,1,False
EDF,1444,Brake,High,3530,3535,3531,1,False
EDF,1445,Steering,High,3530,3540,3532,2,False
EDF,1446,Brake,High,3535,3540,3536,1,False
EDF,1447,Brake,High,3540,3545,3541,1,False
EDF,1448,Steering,High,3540,3550,3542,2,False
EDF,1449,Engine,High,3540,3560,3544,4,False
EDF,1450,Brake,High,3545,3550,3546,1,False
EDF,1451,Brake,High,3550,3555,3551,1,False
EDF,1452,Steering,High,3550,3560,3552,2,False
EDF,1453,Sensor,Medium,3550,3600,3558,8,False
EDF,1454,Brake,High,3555,3560,3556,1,False
EDF,1455,Brake,High,3560,3565,3561,1,False
EDF,1456,Steering,High,3560,3570,3562,2,False
EDF,1457,Engine,High,3560,3580,3564,4,False
EDF,1458,Brake,High,3565,3570,3566,1,False
EDF,1459,Brake,High,3570,3575,3571,1,False
EDF,1460,Steering,High,3570,3580,3572,2,False
EDF,1461,Brake,High,3575,3580,3576,1,False
EDF,1462,Brake,High,3580,3585,3581,1,False
EDF,1463,Steering,High,3580,3590,3582,2,False
EDF,1464,Engine,High,3580,3600,3584,4,False
EDF,1465,Brake,High,3585,3590,3586,1,False
EDF,1466,Brake,High,3590,3595,3591,1,False
EDF,1467,Steering,High,3590,3600,3592,2,False
EDF,1468,Brake,High,3595,3600,3596,1,False
EDF,1469,Brake,High,3600,3605,3601,1,False
EDF,1470,Steering,High,3600,3610,3602,2,False
EDF,1471,Engine,High,3600,3620,3604,4,False
EDF,1472,Sensor,Medium,3600,3650,3610,10,False
EDF,1473,Diagnostics,Low,3600,3700,3645,45,False
EDF,1474,Brake,High,3605,3610,3606,1,False
EDF,1475,Brake,High,3610,3615,3611,1,False
EDF,1476,Steering,High,3610,3620,3612,2,False
EDF,1477,Brake,High,3615,3620,3616,1,False
EDF,1478,Brake,High,3620,3625,3621,1,False
EDF,1479,Steering,High,3620,3630,3622,2,False
EDF,1480,Engine,High,3620,3640,3624,4,False
EDF,1481,Brake,High,3625,3630,3626,1,False
EDF,1482,Brake,High,3630,3635,3631,1,False
EDF,1483,Steering,High,3630,3640,3632,2,False
EDF,1484,Brake,High,3635,3640,3636,1,False
EDF,1485,Brake,High,3640,3645,3641,1,False
EDF,1486,Steering,High,3640,3650,3642,2,False
EDF,1487,Engine,High,3640,3660,3644,4,False
EDF,1488,Brake,High,3645,3650,3646,1,False
EDF,1489,Brake,High,3650,3655,3651,1,False
EDF,1490,Steering,High,3650,3660,3652,2,False
EDF,1491,Sensor,Medium,3650,3700,3658,8,False
EDF,1492,Brake,High,3655,3660,3656,1,False
EDF,1493,Brake,High,3660,3665,3661,1,False
EDF,1494,Steering,High,3660,3670,3662,2,False
EDF,1495,Engine,High,3660,3680,3664,4,False
EDF,1496,Brake,High,3665,3670,3666,1,False
EDF,1497,Brake,High,3670,3675,3671,1,False
EDF,1498,Steering,High,3670,3680,3672,2,False
EDF,1499,Brake,High,3675,3680,3676,1,False
EDF,1500,Brake,High,3680,3685,3681,1,False
EDF,1501,Steering,High,3680,3690,3682,2,False
EDF,1502,Engine,High,3680,3700,3684,4,False
EDF,1503,Brake,High,3685,3690,3686,1,False
EDF,1504,Brake,High,3690,3695,3691,1,False
EDF,1505,Steering,High,3690,3700,3692,2,False
EDF,1506,Brake,High,3695,3700,3696,1,False
EDF,1507,Brake,High,3700,3705,3701,1,False
EDF,1508,Steering,High,3700,3710,3702,2,False
EDF,1509,Engine,High,3700,3720,3704,4,False
EDF,1510,Sensor,Medium,3700,3750,3710,10,False
EDF,1511,Diagnostics,Low,3700,3800,3745,45,False
EDF,1512,Brake,High,3705,3710,3706,1,False
EDF,1513,Brake,High,3710,3715,3711,1,False
EDF,1514,Steering,High,3710,3720,3712,2,False
EDF,1515,Brake,High,3715,3720,3716,1,False
EDF,1516,Brake,High,3720,3725,3721,1,False
EDF,1517,Steering,High,3720,3730,3722,2,False
EDF,1518,Engine,High,3720,3740,3724,4,False
EDF,1519,Brake,High,3725,3730,3726,1,False
EDF,1520,Brake,High,3730,3735,3731,1,False
EDF,1521,Steering,High,3730,3740,3732,2,False
EDF,1522,Brake,High,3735,3740,3736,1,False
EDF,1523,Brake,High,3740,3745,3741,1,False
EDF,1524,Steering,High,3740,3750,3742,2,False
EDF,1525,Engine,High,3740,3760,3744,4,False
EDF,1526,Brake,High,3745,3750,3746,1,False
EDF,1527,Brake,High,3750,3755,3751,1,False
EDF,1528,Steering,High,3750,3760,3752,2,False
EDF,1529,Sensor,Medium,3750,3800,3758,8,False
EDF,1530,Brake,High,3755,3760,3756,1,False
EDF,1531,Brake,High,3760,3765,3761,1,False
EDF,1532,Steering,High,3760,3770,3762,2,False
EDF,1533,Engine,High,3760,3780,3764,4,False
EDF,1534,Brake,High,3765,3770,3766,1,False
EDF,1535,Brake,High,3770,3775,3771,1,False
EDF,1536,Steering,High,3770,3780,3772,2,False
EDF,1537,Brake,High,3775,3780,3776,1,False
EDF,1538,Brake,High,3780,3785,3781,1,False
EDF,1539,Steering,High,3780,3790,3782,2,False
EDF,1540,Engine,High,3780,3800,3784,4,False
EDF,1541,Brake,High,3785,3790,3786,1,False
EDF,1542,Brake,High,3790,3795,3791,1,False
EDF,1543,Steering,High,3790,3800,3792,2,False
EDF,1544,Brake,High,3795,3800,3796,1,False
EDF,1545,Brake,High,3800,3805,3801,1,False
EDF,1546,Steering,High,3800,3810,3802,2,False
EDF,1547,Engine,High,3800,3820,3804,4,False
EDF,1548,Sensor,Medium,3800,3850,3810,10,False
EDF,1549,Diagnostics,Low,3800,3900,3845,45,False
EDF,1550,Brake,High,3805,3810,3806,1,False
EDF,1551,Brake,High,3810,3815,3811,1,False
EDF,1552,Steering,High,3810,3820,3812,2,False
EDF,1553,Brake,High,3815,3820,3816,1,False
EDF,1554,Brake,High,3820,3825,3821,1,False
EDF,1555,Steering,High,3820,3830,3822,2,False
EDF,1556,Engine,High,3820,3840,3824,4,False
EDF,1557,Brake,High,3825,3830,3826,1,False
EDF,1558,Brake,High,3830,3835,3831,1,False
EDF,1559,Steering,High,3830,3840,3832,2,False
EDF,1560,Brake,High,3835,3840,3836,1,False
EDF,1561,Brake,High,3840,3845,3841,1,False
EDF,1562,Steering,High,3840,3850,3842,2,False
EDF,1563,Engine,High,3840,3860,3844,4,False
EDF,1564,Brake,High,3845,3850,3846,1,False
EDF,1565,Brake,High,3850,3855,3851,1,False
EDF,1566,Steering,High,3850,3860,3852,2,False
EDF,1567,Sensor,Medium,3850,3900,3858,8,False
EDF,1568,Brake,High,3855,3860,3856,1,False
EDF,1569,Brake,High,3860,3865,3861,1,False
EDF,1570,Steering,High,3860,3870,3862,2,False
EDF,1571,Engine,High,3860,3880,3864,4,False
EDF,1572,Brake,High,3865,3870,3866,1,False
EDF,1573,Brake,High,3870,3875,3871,1,False
EDF,1574,Steering,High,3870,3880,3872,2,False
EDF,1575,Brake,High,3875,3880,3876,1,False
EDF,1576,Brake,High,3880,3885,3881,1,False
EDF,1577,Steering,High,3880,3890,3882,2,False
EDF,1578,Engine,High,3880,3900,3884,4,False
EDF,1579,Brake,High,3885,3890,3886,1,False
EDF,1580,Brake,High,3890,3895,3891,1,False
EDF,1581,Steering,High,3890,3900,3892,2,False
EDF,1582,Brake,High,3895,3900,3896,1,False
EDF,1583,Brake,High,3900,3905,3901,1,False
EDF,1584,Steering,High,3900,3910,3902,2,False
EDF,1585,Engine,High,3900,3920,3904,4,False
EDF,1586,Sensor,Medium,3900,3950,3910,10,False
EDF,1587,Diagnostics,Low,3900,4000,3945,45,False
EDF,1588,Brake,High,3905,3910,3906,1,False
EDF,1589,Brake,High,3910,3915,3911,1,False
EDF,1590,Steering,High,3910,3920,3912,2,False
EDF,1591,Brake,High,3915,3920,3916,1,False
EDF,1592,Brake,High,3920,3925,3921,1,False
EDF,1593,Steering,High,3920,3930,3922,2,False
EDF,1594,Engine,High,3920,3940,3924,4,False
EDF,1595,Brake,High,3925,3930,3926,1,False
EDF,1596,Brake,High,3930,3935,3931,1,False
EDF,1597,Steering,High,3930,3940,3932,2,False
EDF,1598,Brake,High,3935,3940,3936,1,False
EDF,1599,Brake,High,3940,3945,3941,1,False
EDF,1600,Steering,High,3940,3950,3942,2,False
EDF,1601,Engine,High,3940,3960,3944,4,False
EDF,1602,Brake,High,3945,3950,3946,1,False
EDF,1603,Brake,High,3950,3955,3951,1,False
EDF,1604,Steering,High,3950,3960,3952,2,False
EDF,1605,Sensor,Medium,3950,4000,3958,8,False
EDF,1606,Brake,High,3955,3960,3956,1,False
EDF,1607,Brake,High,3960,3965,3961,1,False
EDF,1608,Steering,High,3960,3970,3962,2,False
EDF,1609,Engine,High,3960,3980,3964,4,False
EDF,1610,Brake,High,3965,3970,3966,1,False
EDF,1611,Brake,High,3970,3975,3971,1,False
EDF,1612,Steering,High,3970,3980,3972,2,False
EDF,1613,Brake,High,3975,3980,3976,1,False
EDF,1614,Brake,High,3980,3985,3981,1,False
EDF,1615,Steering,High,3980,3990,3982,2,False
EDF,1616,Engine,High,3980,4000,3984,4,False
EDF,1617,Brake,High,3985,3990,3986,1,False
EDF,1618,Brake,High,3990,3995,3991,1,False
EDF,1619,Steering,High,3990,4000,3992,2,False
EDF,1620,Brake,High,3995,4000,3996,1,False
EDF,1621,Brake,High,4000,4005,4001,1,False
EDF,1622,Steering,High,4000,4010,4002,2,False
EDF,1623,Engine,High,4000,4020,4004,4,False
EDF,1624,Sensor,Medium,4000,4050,4010,10,False
EDF,1625,Diagnostics,Low,4000,4100,4045,45,False
EDF,1626,Brake,High,4005,4010,4006,1,False
EDF,1627,Brake,High,4010,4015,4011,1,False
EDF,1628,Steering,High,4010,4020,4012,2,False
EDF,1629,Brake,High,4015,4020,4016,1,False
EDF,1630,Brake,High,4020,4025,4021,1,False
EDF,1631,Steering,High,4020,4030,4022,2,False
EDF,1632,Engine,High,4020,4040,4024,4,False
EDF,1633,Brake,High,4025,4030,4026,1,False
EDF,1634,Brake,High,4030,4035,4031,1,False
EDF,1635,Steering,High,4030,4040,4032,2,False
EDF,1636,Brake,High,4035,4040,4036,1,False
EDF,1637,Brake,High,4040,4045,4041,1,False
EDF,1638,Steering,High,4040,4050,4042,2,False
EDF,1639,Engine,High,4040,4060,4044,4,False
EDF,1640,Brake,High,4045,4050,4046,1,False
EDF,1641,Brake,High,4050,4055,4051,1,False
EDF,1642,Steering,High,4050,4060,4052,2,False
EDF,1643,Sensor,Medium,4050,4100,4058,8,False
EDF,1644,Brake,High,4055,4060,4056,1,False
EDF,1645,Brake,High,4060,4065,4061,1,False
EDF,1646,Steering,High,4060,4070,4062,2,False
EDF,1647,Engine,High,4060,4080,4064,4,False
EDF,1648,Brake,High,4065,4070,4066,1,False
EDF,1649,Brake,High,4070,4075,4071,1,False
EDF,1650,Steering,High,4070,4080,4072,2,False
EDF,1651,Brake,High,4075,4080,4076,1,False
EDF,1652,Brake,High,4080,4085,4081,1,False
EDF,1653,Steering,High,4080,4090,4082,2,False
EDF,1654,Engine,High,4080,4100,4084,4,False
EDF,1655,Brake,High,4085,4090,4086,1,False
EDF,1656,Brake,High,4090,4095,4091,1,False
EDF,1657,Steering,High,4090,4100,4092,2,False
EDF,1658,Brake,High,4095,4100,4096,1,False
EDF,1659,Brake,High,4100,4105,4101,1,False
EDF,1660,Steering,High,4100,4110,4102,2,False
EDF,1661,Engine,High,4100,4120,4104,4,False
EDF,1662,Sensor,Medium,4100,4150,4110,10,False
EDF,1663,Diagnostics,Low,4100,4200,4145,45,False
EDF,1664,Brake,High,4105,4110,4106,1,False
EDF,1665,Brake,High,4110,4115,4111,1,False
EDF,1666,Steering,High,4110,4120,4112,2,False
EDF,1667,Brake,High,4115,4120,4116,1,False
EDF,1668,Brake,High,4120,4125,4121,1,False
EDF,1669,Steering,High,4120,4130,4122,2,False
EDF,1670,Engine,High,4120,4140,4124,4,False
EDF,1671,Brake,High,4125,4130,4126,1,False
EDF,1672,Brake,High,4130,4135,4131,1,False
EDF,1673,Steering,High,4130,4140,4132,2,False
EDF,1674,Brake,High,4135,4140,4136,1,False
EDF,1675,Brake,High,4140,4145,4141,1,False
EDF,1676,Steering,High,4140,4150,4142,2,False
EDF,1677,Engine,High,4140,4160,4144,4,False
EDF,1678,Brake,High,4145,4150,4146,1,False
EDF,1679,Brake,High,4150,4155,4151,1,False
EDF,1680,Steering,High,4150,4160,4152,2,False
EDF,1681,Sensor,Medium,4150,4200,4158,8,False
EDF,1682,Brake,High,4155,4160,4156,1,False
EDF,1683,Brake,High,4160,4165,4161,1,False
EDF,1684,Steering,High,4160,4170,4162,2,False
EDF,1685,Engine,High,4160,4180,4164,4,False
EDF,1686,Brake,High,4165,4170,4166,1,False
EDF,1687,Brake,High,4170,4175,4171,1,False
EDF,1688,Steering,High,4170,4180,4172,2,False
EDF,1689,Brake,High,4175,4180,4176,1,False
EDF,1690,Brake,High,4180,4185,4181,1,False
EDF,1691,Steering,High,4180,4190,4182,2,False
EDF,1692,Engine,High,4180,4200,4184,4,False
EDF,1693,Brake,High,4185,4190,4186,1,False
EDF,1694,Brake,High,4190,4195,4191,1,False
EDF,1695,Steering,High,4190,4200,4192,2,False
EDF,1696,Brake,High,4195,4200,4196,1,False
EDF,1697,Brake,High,4200,4205,4201,1,False
EDF,1698,Steering,High,4200,4210,4202,2,False
EDF,1699,Engine,High,4200,4220,4204,4,False
EDF,1700,Sensor,Medium,4200,4250,4210,10,False
EDF,1701,Diagnostics,Low,4200,4300,4245,45,False
EDF,1702,Brake,High,4205,4210,4206,1,False
EDF,1703,Brake,High,4210,4215,4211,1,False
EDF,1704,Steering,High,4210,4220,4212,2,False
EDF,1705,Brake,High,4215,4220,4216,1,False
EDF,1706,Brake,High,4220,4225,4221,1,False
EDF,1707,Steering,High,4220,4230,4222,2,False
EDF,1708,Engine,High,4220,4240,4224,4,False
EDF,1709,Brake,High,4225,4230,4226,1,False
EDF,1710,Brake,High,4230,4235,4231,1,False
EDF,1711,Steering,High,4230,4240,4232,2,False
EDF,1712,Brake,High,4235,4240,4236,1,False
EDF,1713,Brake,High,4240,4245,4241,1,False
EDF,1714,Steering,High,4240,4250,4242,2,False
EDF,1715,Engine,High,4240,4260,4244,4,False
EDF,1716,Brake,High,4245,4250,4246,1,False
EDF,1717,Brake,High,4250,4255,4251,1,False
EDF,1718,Steering,High,4250,4260,4252,2,False
EDF,1719,Sensor,Medium,4250,4300,4258,8,False
EDF,1720,Brake,High,4255,4260,4256,1,False
EDF,1721,Brake,High,4260,4265,4261,1,False
EDF,1722,Steering,High,4260,4270,4262,2,False
EDF,1723,Engine,High,4260,4280,4264,4,False
EDF,1724,Brake,High,4265,4270,4266,1,False
EDF,1725,Brake,High,4270,4275,4271,1,False
EDF,1726,Steering,High,4270,4280,4272,2,False
EDF,1727,Brake,High,4275,4280,4276,1,False
EDF,1728,Brake,High,4280,4285,4281,1,False
EDF,1729,Steering,High,4280,4290,4282,2,False
EDF,1730,Engine,High,4280,4300,4284,4,False
EDF,1731,Brake,High,4285,4290,4286,1,False
EDF,1732,Brake,High,4290,4295,4291,1,False
EDF,1733,Steering,High,4290,4300,4292,2,False
EDF,1734,Brake,High,4295,4300,4296,1,False
EDF,1735,Brake,High,4300,4305,4301,1,False
EDF,1736,Steering,High,4300,4310,4302,2,False
EDF,1737,Engine,High,4300,4320,4304,4,False
EDF,1738,Sensor,Medium,4300,4350,4310,10,False
EDF,1739,Diagnostics,Low,4300,4400,4345,45,False
EDF,1740,Brake,High,4305,4310,4306,1,False
EDF,1741,Brake,High,4310,4315,4311,1,False
EDF,1742,Steering,High,4310,4320,4312,2,False
EDF,1743,Brake,High,4315,4320,4316,1,False
EDF,1744,Brake,High,4320,4325,4321,1,False
EDF,1745,Steering,High,4320,4330,4322,2,False
EDF,1746,Engine,High,4320,4340,4324,4,False
EDF,1747,Brake,High,4325,4330,4326,1,False
EDF,1748,Brake,High,4330,4335,4331,1,False
EDF,1749,Steering,High,4330,4340,4332,2,False
EDF,1750,Brake,High,4335,4340,4336,1,False
EDF,1751,Brake,High,4340,4345,4341,1,False
EDF,1752,Steering,High,4340,4350,4342,2,False
EDF,1753,Engine,High,4340,4360,4344,4,False
EDF,1754,Brake,High,4345,4350,4346,1,False
EDF,1755,Brake,High,4350,4355,4351,1,False
EDF,1756,Steering,High,4350,4360,4352,2,False
EDF,1757,Sensor,Medium,4350,4400,4358,8,False
EDF,1758,Brake,High,4355,4360,4356,1,False
EDF,1759,Brake,High,4360,4365,4361,1,False
EDF,1760,Steering,High,4360,4370,4362,2,False
EDF,1761,Engine,High,4360,4380,4364,4,False
EDF,1762,Brake,High,4365,4370,4366,1,False
EDF,1763,Brake,High,4370,4375,4371,1,False
EDF,1764,Steering,High,4370,4380,4372,2,False
EDF,1765,Brake,High,4375,4380,4376,1,False
EDF,1766,Brake,High,4380,4385,4381,1,False
EDF,1767,Steering,High,4380,4390,4382,2,False
EDF,1768,Engine,High,4380,4400,4384,4,False
EDF,1769,Brake,High,4385,4390,4386,1,False
EDF,1770,Brake,High,4390,4395,4391,1,False
EDF,1771,Steering,High,4390,4400,4392,2,False
EDF,1772,Brake,High,4395,4400,4396,1,False
EDF,1773,Brake,High,4400,4405,4401,1,False
EDF,1774,Steering,High,4400,4410,4402,2,False
EDF,1775,Engine,High,4400,4420,4404,4,False
EDF,1776,Sensor,Medium,4400,4450,4410,10,False
EDF,1777,Diagnostics,Low,4400,4500,4445,45,False
EDF,1778,Brake,High,4405,4410,4406,1,False
EDF,1779,Brake,High,4410,4415,4411,1,False
EDF,1780,Steering,High,4410,4420,4412,2,False
EDF,1781,Brake,High,4415,4420,4416,1,False
EDF,1782,Brake,High,4420,4425,4421,1,False
EDF,1783,Steering,High,4420,4430,4422,2,False
EDF,1784,Engine,High,4420,4440,4424,4,False
EDF,1785,Brake,High,4425,4430,4426,1,False
EDF,1786,Brake,High,4430,4435,4431,1,False
EDF,1787,Steering,High,4430,4440,4432,2,False
EDF,1788,Brake,High,4435,4440,4436,1,False
EDF,1789,Brake,High,4440,4445,4441,1,False
EDF,1790,Steering,High,4440,4450,4442,2,False
EDF,1791,Engine,High,4440,4460,4444,4,False
EDF,1792,Brake,High,4445,4450,4446,1,False
EDF,1793,Brake,High,4450,4455,4451,1,False
EDF,1794,Steering,High,4450,4460,4452,2,False
EDF,1795,Sensor,Medium,4450,4500,4458,8,False
EDF,1796,Brake,High,4455,4460,4456,1,False
EDF,1797,Brake,High,4460,4465,4461,1,False
EDF,1798,Steering,High,4460,4470,4462,2,False
EDF,1799,Engine,High,4460,4480,4464,4,False
EDF,1800,Brake,High,4465,4470,4466,1,False
EDF,1801,Brake,High,4470,4475,4471,1,False
EDF,1802,Steering,High,4470,4480,4472,2,False
EDF,1803,Brake,High,4475,4480,4476,1,False
EDF,1804,Brake,High,4480,4485,4481,1,False
EDF,1805,Steering,High,4480,4490,4482,2,False
EDF,1806,Engine,High,4480,4500,4484,4,False
EDF,1807,Brake,High,4485,4490,4486,1,False
EDF,1808,Brake,High,4490,4495,4491,1,False
EDF,1809,Steering,High,4490,4500,4492,2,False
EDF,1810,Brake,High,4495,4500,4496,1,False
EDF,1811,Brake,High,4500,4505,4501,1,False
EDF,1812,Steering,High,4500,4510,4502,2,False
EDF,1813,Engine,High,4500,4520,4504,4,False
EDF,1814,Sensor,Medium,4500,4550,4510,10,False
EDF,1815,Diagnostics,Low,4500,4600,4545,45,False
EDF,1816,Brake,High,4505,4510,4506,1,False
EDF,1817,Brake,High,4510,4515,4511,1,False
EDF,1818,Steering,High,4510,4520,4512,2,False
EDF,1819,Brake,High,4515,4520,4516,1,False
EDF,1820,Brake,High,4520,4525,4521,1,False
EDF,1821,Steering,High,4520,4530,4522,2,False
EDF,1822,Engine,High,4520,4540,4524,4,False
EDF,1823,Brake,High,4525,4530,4526,1,False
EDF,1824,Brake,High,4530,4535,4531,1,False
EDF,1825,Steering,High,4530,4540,4532,2,False
EDF,1826,Brake,High,4535,4540,4536,1,False
EDF,1827,Brake,High,4540,4545,4541,1,False
EDF,1828,Steering,High,4540,4550,4542,2,False
EDF,1829,Engine,High,4540,4560,4544,4,False
EDF,1830,Brake,High,4545,4550,4546,1,False
EDF,1831,Brake,High,4550,4555,4551,1,False
EDF,1832,Steering,High,4550,4560,4552,2,False
EDF,1833,Sensor,Medium,4550,4600,4558,8,False
EDF,1834,Brake,High,4555,4560,4556,1,False
EDF,1835,Brake,High,4560,4565,4561,1,False
EDF,1836,Steering,High,4560,4570,4562,2,False
EDF,1837,Engine,High,4560,4580,4564,4,False
EDF,1838,Brake,High,4565,4570,4566,1,False
EDF,1839,Brake,High,4570,4575,4571,1,False
EDF,1840,Steering,High,4570,4580,4572,2,False
EDF,1841,Brake,High,4575,4580,4576,1,False
EDF,1842,Brake,High,4580,4585,4581,1,False
EDF,1843,Steering,High,4580,4590,4582,2,False
EDF,1844,Engine,High,4580,4600,4584,4,False
EDF,1845,Brake,High,4585,4590,4586,1,False
EDF,1846,Brake,High,4590,4595,4591,1,False
EDF,1847,Steering,High,4590,4600,4592,2,False
EDF,1848,Brake,High,4595,4600,4596,1,False
EDF,1849,Brake,High,4600,4605,4601,1,False
EDF,1850,Steering,High,4600,4610,4602,2,False
EDF,1851,Engine,High,4600,4620,4604,4,False
EDF,1852,Sensor,Medium,4600,4650,4610,10,False
EDF,1853,Diagnostics,Low,4600,4700,4645,45,False
EDF,1854,Brake,High,4605,4610,4606,1,False
EDF,1855,Brake,High,4610,4615,4611,1,False
EDF,1856,Steering,High,4610,4620,4612,2,False
EDF,1857,Brake,High,4615,4620,4616,1,False
EDF,1858,Brake,High,4620,4625,4621,1,False
EDF,1859,Steering,High,4620,4630,4622,2,False
EDF,1860,Engine,High,4620,4640,4624,4,False
EDF,1861,Brake,High,4625,4630,4626,1,False
EDF,1862,Brake,High,4630,4635,4631,1,False
EDF,1863,Steering,High,4630,4640,4632,2,False
EDF,1864,Brake,High,4635,4640,4636,1,False
EDF,1865,Brake,High,4640,4645,4641,1,False
EDF,1866,Steering,High,4640,4650,4642,2,False
EDF,1867,Engine,High,4640,4660,4644,4,False
EDF,1868,Brake,High,4645,4650,4646,1,False
EDF,1869,Brake,High,4650,4655,4651,1,False
EDF,1870,Steering,High,4650,4660,4652,2,False
EDF,1871,Sensor,Medium,4650,4700,4658,8,False
EDF,1872,Brake,High,4655,4660,4656,1,False
EDF,1873,Brake,High,4660,4665,4661,1,False
EDF,1874,Steering,High,4660,4670,4662,2,False
EDF,1875,Engine,High,4660,4680,4664,4,False
EDF,1876,Brake,High,4665,4670,4666,1,False
EDF,1877,Brake,High,4670,4675,4671,1,False
EDF,1878,Steering,High,4670,4680,4672,2,False
EDF,1879,Brake,High,4675,4680,4676,1,False
EDF,1880,Brake,High,4680,4685,4681,1,False
EDF,1881,Steering,High,4680,4690,4682,2,False
EDF,1882,Engine,High,4680,4700,4684,4,False
EDF,1883,Brake,High,4685,4690,4686,1,False
EDF,1884,Brake,High,4690,4695,4691,1,False
EDF,1885,Steering,High,4690,4700,4692,2,False
EDF,1886,Brake,High,4695,4700,4696,1,False
EDF,1887,Brake,High,4700,4705,4701,1,False
EDF,1888,Steering,High,4700,4710,4702,2,False
EDF,1889,Engine,High,4700,4720,4704,4,False
EDF,1890,Sensor,Medium,4700,4750,4710,10,False
EDF,1891,Diagnostics,Low,4700,4800,4745,45,False
EDF,1892,Brake,High,4705,4710,4706,1,False
EDF,1893,Brake,High,4710,4715,4711,1,False
EDF,1894,Steering,High,4710,4720,4712,2,False
EDF,1895,Brake,High,4715,4720,4716,1,False
EDF,1896,Brake,High,4720,4725,4721,1,False
EDF,1897,Steering,High,4720,4730,4722,2,False
EDF,1898,Engine,High,4720,4740,4724,4,False
EDF,1899,Brake,High,4725,4730,4726,1,False
EDF,1900,Brake,High,4730,4735,4731,1,False
EDF,1901,Steering,High,4730,4740,4732,2,False
EDF,1902,Brake,High,4735,4740,4736,1,False
EDF,1903,Brake,High,4740,4745,4741,1,False
EDF,1904,Steering,High,4740,4750,4742,2,False
EDF,1905,Engine,High,4740,4760,4744,4,False
EDF,1906,Brake,High,4745,4750,4746,1,False
EDF,1907,Brake,High,4750,4755,4751,1,False
EDF,1908,Steering,High,4750,4760,4752,2,False
EDF,1909,Sensor,Medium,4750,4800,4758,8,False
EDF,1910,Brake,High,4755,4760,4756,1,False
EDF,1911,Brake,High,4760,4765,4761,1,False
EDF,1912,Steering,High,4760,4770,4762,2,False
EDF,1913,Engine,High,4760,4780,4764,4,False
EDF,1914,Brake,High,4765,4770,4766,1,False
EDF,1915,Brake,High,4770,4775,4771,1,False
EDF,1916,Steering,High,4770,4780,4772,2,False
EDF,1917,Brake,High,4775,4780,4776,1,False
EDF,1918,Brake,High,4780,4785,4781,1,False
EDF,1919,Steering,High,4780,4790,4782,2,False
EDF,1920,Engine,High,4780,4800,4784,4,False
EDF,1921,Brake,High,4785,4790,4786,1,False
EDF,1922,Brake,High,4790,4795,4791,1,False
EDF,1923,Steering,High,4790,4800,4792,2,False
EDF,1924,Brake,High,4795,4800,4796,1,False
EDF,1925,Brake,High,4800,4805,4801,1,False
EDF,1926,Steering,High,4800,4810,4802,2,False
EDF,1927,Engine,High,4800,4820,4804,4,False
EDF,1928,Sensor,Medium,4800,4850,4810,10,False
EDF,1929,Diagnostics,Low,4800,4900,4845,45,False
EDF,1930,Brake,High,4805,4810,4806,1,False
EDF,1931,Brake,High,4810,4815,4811,1,False
EDF,1932,Steering,High,4810,4820,4812,2,False
EDF,1933,Brake,High,4815,4820,4816,1,False
EDF,1934,Brake,High,4820,4825,4821,1,False
EDF,1935,Steering,High,4820,4830,4822,2,False
EDF,1936,Engine,High,4820,4840,4824,4,False
EDF,1937,Brake,High,4825,4830,4826,1,False
EDF,1938,Brake,High,4830,4835,4831,1,False
EDF,1939,Steering,High,4830,4840,4832,2,False
EDF,1940,Brake,High,4835,4840,4836,1,False
EDF,1941,Brake,High,4840,4845,4841,1,False
EDF,1942,Steering,High,4840,4850,4842,2,False
EDF,1943,Engine,High,4840,4860,4844,4,False
EDF,1944,Brake,High,4845,4850,4846,1,False
EDF,1945,Brake,High,4850,4855,4851,1,False
EDF,1946,Steering,High,4850,4860,4852,2,False
EDF,1947,Sensor,Medium,4850,4900,4858,8,False
EDF,1948,Brake,High,4855,4860,4856,1,False
EDF,1949,Brake,High,4860,4865,4861,1,False
EDF,1950,Steering,High,4860,4870,4862,2,False
EDF,1951,Engine,High,4860,4880,4864,4,False
EDF,1952,Brake,High,4865,4870,4866,1,False
EDF,1953,Brake,High,4870,4875,4871,1,False
EDF,1954,Steering,High,4870,4880,4872,2,False
EDF,1955,Brake,High,4875,4880,4876,1,False
EDF,1956,Brake,High,4880,4885,4881,1,False
EDF,1957,Steering,High,4880,4890,4882,2,False
EDF,1958,Engine,High,4880,4900,4884,4,False
EDF,1959,Brake,High,4885,4890,4886,1,False
EDF,1960,Brake,High,4890,4895,4891,1,False
EDF,1961,Steering,High,4890,4900,4892,2,False
EDF,1962,Brake,High,4895,4900,4896,1,False
EDF,1963,Brake,High,4900,4905,4901,1,False
EDF,1964,Steering,High,4900,4910,4902,2,False
EDF,1965,Engine,High,4900,4920,4904,4,False
EDF,1966,Sensor,Medium,4900,4950,4910,10,False
EDF,1967,Diagnostics,Low,4900,5000,4945,45,False
EDF,1968,Brake,High,4905,4910,4906,1,False
EDF,1969,Brake,High,4910,4915,4911,1,False
EDF,1970,Steering,High,4910,4920,4912,2,False
EDF,1971,Brake,High,4915,4920,4916,1,False
EDF,1972,Brake,High,4920,4925,4921,1,False
EDF,1973,Steering,High,4920,4930,4922,2,False
EDF,1974,Engine,High,4920,4940,4924,4,False
EDF,1975,Brake,High,4925,4930,4926,1,False
EDF,1976,Brake,High,4930,4935,4931,1,False
EDF,1977,Steering,High,4930,4940,4932,2,False
EDF,1978,Brake,High,4935,4940,4936,1,False
EDF,1979,Brake,High,4940,4945,4941,1,False
EDF,1980,Steering,High,4940,4950,4942,2,False
EDF,1981,Engine,High,4940,4960,4944,4,False
EDF,1982,Brake,High,4945,4950,4946,1,False
EDF,1983,Brake,High,4950,4955,4951,1,False
EDF,1984,Steering,High,4950,4960,4952,2,False
EDF,1985,Sensor,Medium,4950,5000,4958,8,False
EDF,1986,Brake,High,4955,4960,4956,1,False
EDF,1987,Brake,High,4960,4965,4961,1,False
EDF,1988,Steering,High,4960,4970,4962,2,False
EDF,1989,Engine,High,4960,4980,4964,4,False
EDF,1990,Brake,High,4965,4970,4966,1,False
EDF,1991,Brake,High,4970,4975,4971,1,False
EDF,1992,Steering,High,4970,4980,4972,2,False
EDF,1993,Brake,High,4975,4980,4976,1,False
EDF,1994,Brake,High,4980,4985,4981,1,False
EDF,1995,Steering,High,4980,4990,4982,2,False
EDF,1996,Engine,High,4980,5000,4984,4,False
EDF,1997,Brake,High,4985,4990,4986,1,False
EDF,1998,Brake,High,4990,4995,4991,1,False
EDF,1999,Steering,High,4990,5000,4992,2,False
EDF,2000,Brake,High,4995,5000,4996,1,False
